distance,from,to,n
1,C,C,2379
1,C,CG,63
1,C,CGO,73
1,C,CO,63
1,C,G,662
1,C,GO,62
1,C,H,497
1,C,HC,189
1,C,HCG,895
1,C,HCGO,3993
1,C,HCO,100
1,C,HG,92
1,C,HGO,165
1,C,HO,34
1,C,O,1552
1,CG,C,71
1,CG,CG,69
1,CG,CGO,13
1,CG,CO,3
1,CG,G,69
1,CG,GO,5
1,CG,H,58
1,CG,HC,8
1,CG,HCG,102
1,CG,HCGO,303
1,CG,HCO,3
1,CG,HG,2
1,CG,HGO,6
1,CG,HO,10
1,CG,O,137
1,CGO,C,71
1,CGO,CG,10
1,CGO,CGO,17
1,CGO,CO,8
1,CGO,G,67
1,CGO,GO,9
1,CGO,H,59
1,CGO,HC,5
1,CGO,HCG,38
1,CGO,HCGO,268
1,CGO,HCO,3
1,CGO,HG,1
1,CGO,HGO,7
1,CGO,HO,4
1,CGO,O,223
1,CO,C,53
1,CO,CG,1
1,CO,CGO,11
1,CO,CO,69
1,CO,G,38
1,CO,H,28
1,CO,HC,7
1,CO,HCG,24
1,CO,HCGO,293
1,CO,HCO,16
1,CO,HG,25
1,CO,HGO,6
1,CO,HO,2
1,CO,O,86
1,G,C,674
1,G,CG,83
1,G,CGO,86
1,G,CO,63
1,G,G,2949
1,G,GO,97
1,G,H,612
1,G,HC,264
1,G,HCG,1162
1,G,HCGO,5448
1,G,HCO,167
1,G,HG,89
1,G,HGO,108
1,G,HO,49
1,G,O,1977
1,GO,C,55
1,GO,CG,1
1,GO,CGO,18
1,GO,CO,1
1,GO,G,108
1,GO,GO,32
1,GO,H,49
1,GO,HC,25
1,GO,HCG,33
1,GO,HCGO,389
1,GO,HCO,6
1,GO,HG,1
1,GO,HGO,21
1,GO,HO,3
1,GO,O,157
1,H,C,482
1,H,CG,63
1,H,CGO,42
1,H,CO,41
1,H,G,562
1,H,GO,51
1,H,H,846
1,H,HC,200
1,H,HCG,883
1,H,HCGO,3654
1,H,HCO,99
1,H,HG,63
1,H,HGO,85
1,H,HO,29
1,H,O,1329
1,HC,C,218
1,HC,CG,2
1,HC,CGO,6
1,HC,CO,3
1,HC,G,246
1,HC,GO,29
1,HC,H,171
1,HC,HC,290
1,HC,HCG,293
1,HC,HCGO,1301
1,HC,HCO,45
1,HC,HG,5
1,HC,HGO,9
1,HC,HO,2
1,HC,O,438
1,HCG,C,978
1,HCG,CG,90
1,HCG,CGO,37
1,HCG,CO,24
1,HCG,G,1206
1,HCG,GO,36
1,HCG,H,886
1,HCG,HC,275
1,HCG,HCG,2879
1,HCG,HCGO,6919
1,HCG,HCO,71
1,HCG,HG,78
1,HCG,HGO,40
1,HCG,HO,24
1,HCG,O,2882
1,HCGO,C,4109
1,HCGO,CG,335
1,HCGO,CGO,327
1,HCGO,CO,285
1,HCGO,G,5290
1,HCGO,GO,412
1,HCGO,H,3734
1,HCGO,HC,1278
1,HCGO,HCG,6895
1,HCGO,HCGO,49495
1,HCGO,HCO,502
1,HCGO,HG,368
1,HCGO,HGO,374
1,HCGO,HO,242
1,HCGO,O,12127
1,HCO,C,101
1,HCO,CG,2
1,HCO,CGO,2
1,HCO,CO,14
1,HCO,G,177
1,HCO,GO,8
1,HCO,H,86
1,HCO,HC,59
1,HCO,HCG,50
1,HCO,HCGO,515
1,HCO,HCO,94
1,HCO,HG,6
1,HCO,HGO,6
1,HCO,HO,18
1,HCO,O,312
1,HG,C,97
1,HG,CG,2
1,HG,CGO,2
1,HG,CO,33
1,HG,G,86
1,HG,GO,1
1,HG,H,70
1,HG,HC,3
1,HG,HCG,84
1,HG,HCGO,352
1,HG,HCO,8
1,HG,HG,101
1,HG,HGO,22
1,HG,HO,2
1,HG,O,162
1,HGO,C,139
1,HGO,CG,3
1,HGO,CGO,5
1,HGO,CO,7
1,HGO,G,110
1,HGO,GO,13
1,HGO,H,60
1,HGO,HC,5
1,HGO,HCG,54
1,HGO,HCGO,378
1,HGO,HCO,7
1,HGO,HG,28
1,HGO,HGO,133
1,HGO,HO,10
1,HGO,O,222
1,HO,C,47
1,HO,CG,14
1,HO,CGO,2
1,HO,CO,3
1,HO,G,53
1,HO,GO,3
1,HO,H,29
1,HO,HC,5
1,HO,HCG,31
1,HO,HCGO,253
1,HO,HCO,13
1,HO,HG,1
1,HO,HGO,14
1,HO,HO,19
1,HO,O,76
1,O,C,1592
1,O,CG,125
1,O,CGO,209
1,O,CO,92
1,O,G,1926
1,O,GO,156
1,O,H,1373
1,O,HC,478
1,O,HCG,2835
1,O,HCGO,12290
1,O,HCO,305
1,O,HG,147
1,O,HGO,224
1,O,HO,68
1,O,O,8943
100000,C,C,111
100000,C,CG,3
100000,C,CGO,7
100000,C,CO,10
100000,C,G,159
100000,C,GO,6
100000,C,H,98
100000,C,HC,42
100000,C,HCG,194
100000,C,HCGO,965
100000,C,HCO,16
100000,C,HG,13
100000,C,HGO,15
100000,C,HO,6
100000,C,O,306
100000,CG,C,11
100000,CG,CG,2
100000,CG,G,7
100000,CG,H,6
100000,CG,HC,2
100000,CG,HCG,16
100000,CG,HCGO,56
100000,CG,HCO,2
100000,CG,HG,1
100000,CG,HGO,2
100000,CG,O,22
100000,CGO,C,10
100000,CGO,G,12
100000,CGO,H,4
100000,CGO,HC,4
100000,CGO,HCG,9
100000,CGO,HCGO,65
100000,CGO,HCO,1
100000,CGO,HG,1
100000,CGO,HGO,1
100000,CGO,O,20
100000,CO,C,3
100000,CO,G,5
100000,CO,H,2
100000,CO,HC,1
100000,CO,HCG,4
100000,CO,HCGO,36
100000,CO,HCO,1
100000,CO,HG,1
100000,CO,HGO,1
100000,CO,O,15
100000,G,C,148
100000,G,CG,8
100000,G,CGO,14
100000,G,CO,10
100000,G,G,177
100000,G,GO,11
100000,G,H,145
100000,G,HC,37
100000,G,HCG,228
100000,G,HCGO,1186
100000,G,HCO,21
100000,G,HG,7
100000,G,HGO,8
100000,G,HO,5
100000,G,O,413
100000,GO,C,5
100000,GO,CGO,1
100000,GO,G,12
100000,GO,H,4
100000,GO,HC,5
100000,GO,HCG,9
100000,GO,HCGO,68
100000,GO,HCO,1
100000,GO,HGO,2
100000,GO,O,24
100000,H,C,117
100000,H,CG,8
100000,H,CGO,5
100000,H,CO,7
100000,H,G,145
100000,H,GO,7
100000,H,H,87
100000,H,HC,38
100000,H,HCG,142
100000,H,HCGO,785
100000,H,HCO,13
100000,H,HG,6
100000,H,HGO,6
100000,H,HO,2
100000,H,O,295
100000,HC,C,33
100000,HC,CG,1
100000,HC,CGO,7
100000,HC,G,49
100000,HC,GO,4
100000,HC,H,24
100000,HC,HC,11
100000,HC,HCG,54
100000,HC,HCGO,271
100000,HC,HCO,6
100000,HC,HG,2
100000,HC,HGO,2
100000,HC,O,113
100000,HCG,C,172
100000,HCG,CG,12
100000,HCG,CGO,8
100000,HCG,CO,6
100000,HCG,G,225
100000,HCG,GO,7
100000,HCG,H,148
100000,HCG,HC,44
100000,HCG,HCG,273
100000,HCG,HCGO,1372
100000,HCG,HCO,13
100000,HCG,HG,6
100000,HCG,HGO,17
100000,HCG,HO,6
100000,HCG,O,492
100000,HCGO,C,937
100000,HCGO,CG,50
100000,HCGO,CGO,65
100000,HCGO,CO,36
100000,HCGO,G,1249
100000,HCGO,GO,63
100000,HCGO,H,850
100000,HCGO,HC,271
100000,HCGO,HCG,1468
100000,HCGO,HCGO,7777
100000,HCGO,HCO,121
100000,HCGO,HG,78
100000,HCGO,HGO,75
100000,HCGO,HO,37
100000,HCGO,O,2806
100000,HCO,C,16
100000,HCO,CG,1
100000,HCO,G,15
100000,HCO,GO,1
100000,HCO,H,5
100000,HCO,HC,6
100000,HCO,HCG,19
100000,HCO,HCGO,106
100000,HCO,HG,1
100000,HCO,HGO,1
100000,HCO,HO,1
100000,HCO,O,42
100000,HG,C,18
100000,HG,CGO,1
100000,HG,G,5
100000,HG,GO,1
100000,HG,H,7
100000,HG,HC,1
100000,HG,HCG,14
100000,HG,HCGO,63
100000,HG,HCO,2
100000,HG,HG,2
100000,HG,HO,1
100000,HG,O,24
100000,HGO,C,12
100000,HGO,CGO,1
100000,HGO,G,9
100000,HGO,GO,1
100000,HGO,H,10
100000,HGO,HC,2
100000,HGO,HCG,10
100000,HGO,HCGO,86
100000,HGO,HCO,2
100000,HGO,HGO,2
100000,HGO,HO,1
100000,HGO,O,20
100000,HO,C,6
100000,HO,G,3
100000,HO,GO,1
100000,HO,H,2
100000,HO,HC,1
100000,HO,HCG,4
100000,HO,HCGO,43
100000,HO,HCO,1
100000,HO,O,16
100000,O,C,356
100000,O,CG,26
100000,O,CGO,20
100000,O,CO,13
100000,O,G,453
100000,O,GO,27
100000,O,H,280
100000,O,HC,90
100000,O,HCG,511
100000,O,HCGO,2748
100000,O,HCO,38
100000,O,HG,24
100000,O,HGO,31
100000,O,HO,16
100000,O,O,941
11,C,C,998
11,C,CG,30
11,C,CGO,34
11,C,CO,42
11,C,G,587
11,C,GO,28
11,C,H,366
11,C,HC,127
11,C,HCG,572
11,C,HCGO,3238
11,C,HCO,47
11,C,HG,65
11,C,HGO,99
11,C,HO,17
11,C,O,1201
11,CG,C,32
11,CG,CG,18
11,CG,CGO,6
11,CG,CO,3
11,CG,G,45
11,CG,GO,3
11,CG,H,30
11,CG,HC,8
11,CG,HCG,47
11,CG,HCGO,241
11,CG,HCO,4
11,CG,HG,6
11,CG,HGO,2
11,CG,HO,5
11,CG,O,81
11,CGO,C,26
11,CGO,CG,4
11,CGO,CGO,8
11,CGO,CO,3
11,CGO,G,38
11,CGO,GO,5
11,CGO,H,39
11,CGO,HC,4
11,CGO,HCG,39
11,CGO,HCGO,234
11,CGO,HCO,4
11,CGO,HG,5
11,CGO,HGO,4
11,CGO,HO,3
11,CGO,O,70
11,CO,C,48
11,CO,CG,2
11,CO,CGO,5
11,CO,CO,32
11,CO,G,24
11,CO,GO,1
11,CO,H,15
11,CO,HC,6
11,CO,HCG,19
11,CO,HCGO,158
11,CO,HCO,4
11,CO,HG,21
11,CO,HGO,7
11,CO,HO,1
11,CO,O,74
11,G,C,537
11,G,CG,33
11,G,CGO,29
11,G,CO,30
11,G,G,1642
11,G,GO,58
11,G,H,474
11,G,HC,240
11,G,HCG,791
11,G,HCGO,4359
11,G,HCO,135
11,G,HG,45
11,G,HGO,49
11,G,HO,20
11,G,O,1560
11,GO,C,32
11,GO,CG,3
11,GO,G,53
11,GO,GO,8
11,GO,H,22
11,GO,HC,18
11,GO,HCG,36
11,GO,HCGO,224
11,GO,HCO,4
11,GO,HG,2
11,GO,HGO,2
11,GO,HO,1
11,GO,O,78
11,H,C,398
11,H,CG,40
11,H,CGO,37
11,H,CO,15
11,H,G,500
11,H,GO,31
11,H,H,384
11,H,HC,91
11,H,HCG,542
11,H,HCGO,2999
11,H,HCO,49
11,H,HG,40
11,H,HGO,38
11,H,HO,15
11,H,O,999
11,HC,C,109
11,HC,CG,5
11,HC,CGO,10
11,HC,CO,2
11,HC,G,220
11,HC,GO,13
11,HC,H,103
11,HC,HC,90
11,HC,HCG,195
11,HC,HCGO,957
11,HC,HCO,23
11,HC,HG,4
11,HC,HGO,9
11,HC,HO,1
11,HC,O,332
11,HCG,C,591
11,HCG,CG,53
11,HCG,CGO,40
11,HCG,CO,35
11,HCG,G,746
11,HCG,GO,40
11,HCG,H,547
11,HCG,HC,194
11,HCG,HCG,1171
11,HCG,HCGO,5206
11,HCG,HCO,64
11,HCG,HG,38
11,HCG,HGO,45
11,HCG,HO,21
11,HCG,O,1967
11,HCGO,C,3278
11,HCGO,CG,244
11,HCGO,CGO,239
11,HCGO,CO,119
11,HCGO,G,4315
11,HCGO,GO,237
11,HCGO,H,3121
11,HCGO,HC,953
11,HCGO,HCG,5174
11,HCGO,HCGO,29791
11,HCGO,HCO,373
11,HCGO,HG,263
11,HCGO,HGO,281
11,HCGO,HO,122
11,HCGO,O,9717
11,HCO,C,43
11,HCO,CG,3
11,HCO,CGO,1
11,HCO,CO,3
11,HCO,G,123
11,HCO,GO,9
11,HCO,H,43
11,HCO,HC,15
11,HCO,HCG,64
11,HCO,HCGO,373
11,HCO,HCO,35
11,HCO,HG,2
11,HCO,HGO,4
11,HCO,HO,5
11,HCO,O,136
11,HG,C,71
11,HG,CG,2
11,HG,CGO,3
11,HG,CO,29
11,HG,G,42
11,HG,GO,2
11,HG,H,18
11,HG,HC,10
11,HG,HCG,36
11,HG,HCGO,259
11,HG,HCO,7
11,HG,HG,28
11,HG,HGO,19
11,HG,HO,5
11,HG,O,109
11,HGO,C,111
11,HGO,CG,6
11,HGO,CGO,2
11,HGO,CO,6
11,HGO,G,53
11,HGO,GO,7
11,HGO,H,27
11,HGO,HC,11
11,HGO,HCG,50
11,HGO,HCGO,280
11,HGO,HCO,3
11,HGO,HG,13
11,HGO,HGO,40
11,HGO,HO,1
11,HGO,O,111
11,HO,C,14
11,HO,CG,2
11,HO,G,21
11,HO,GO,1
11,HO,H,15
11,HO,HC,6
11,HO,HCG,28
11,HO,HCGO,140
11,HO,HCO,3
11,HO,HG,2
11,HO,HGO,1
11,HO,HO,3
11,HO,O,50
11,O,C,1188
11,O,CG,82
11,O,CGO,73
11,O,CO,58
11,O,G,1472
11,O,GO,71
11,O,H,1084
11,O,HC,373
11,O,HCG,1889
11,O,HCGO,9870
11,O,HCO,131
11,O,HG,104
11,O,HGO,105
11,O,HO,53
11,O,O,4333
117,C,C,545
117,C,CG,30
117,C,CGO,25
117,C,CO,40
117,C,G,400
117,C,GO,21
117,C,H,255
117,C,HC,76
117,C,HCG,497
117,C,HCGO,2418
117,C,HCO,31
117,C,HG,55
117,C,HGO,58
117,C,HO,20
117,C,O,924
117,CG,C,24
117,CG,CG,5
117,CG,CO,1
117,CG,G,29
117,CG,GO,2
117,CG,H,26
117,CG,HC,6
117,CG,HCG,33
117,CG,HCGO,189
117,CG,HCO,4
117,CG,HG,1
117,CG,HGO,3
117,CG,HO,1
117,CG,O,67
117,CGO,C,26
117,CGO,CG,3
117,CGO,CGO,1
117,CGO,CO,2
117,CGO,G,27
117,CGO,GO,1
117,CGO,H,25
117,CGO,HC,8
117,CGO,HCG,32
117,CGO,HCGO,177
117,CGO,HCO,2
117,CGO,HG,1
117,CGO,HGO,5
117,CGO,O,61
117,CO,C,33
117,CO,CG,3
117,CO,CGO,2
117,CO,CO,31
117,CO,G,26
117,CO,GO,1
117,CO,H,18
117,CO,HC,1
117,CO,HCG,17
117,CO,HCGO,118
117,CO,HCO,2
117,CO,HG,13
117,CO,HGO,2
117,CO,HO,1
117,CO,O,44
117,G,C,388
117,G,CG,27
117,G,CGO,34
117,G,CO,13
117,G,G,1058
117,G,GO,40
117,G,H,350
117,G,HC,128
117,G,HCG,550
117,G,HCGO,3249
117,G,HCO,82
117,G,HG,37
117,G,HGO,49
117,G,HO,25
117,G,O,1230
117,GO,C,18
117,GO,CG,5
117,GO,CO,1
117,GO,G,42
117,GO,GO,2
117,GO,H,12
117,GO,HC,14
117,GO,HCG,36
117,GO,HCGO,168
117,GO,HCO,4
117,GO,HG,1
117,GO,HGO,2
117,GO,HO,1
117,GO,O,60
117,H,C,295
117,H,CG,31
117,H,CGO,19
117,H,CO,23
117,H,G,323
117,H,GO,16
117,H,H,270
117,H,HC,62
117,H,HCG,408
117,H,HCGO,2340
117,H,HCO,39
117,H,HG,21
117,H,HGO,36
117,H,HO,9
117,H,O,728
117,HC,C,86
117,HC,CG,6
117,HC,CGO,8
117,HC,CO,3
117,HC,G,133
117,HC,GO,8
117,HC,H,69
117,HC,HC,42
117,HC,HCG,125
117,HC,HCGO,744
117,HC,HCO,13
117,HC,HG,6
117,HC,HGO,7
117,HC,HO,2
117,HC,O,263
117,HCG,C,440
117,HCG,CG,33
117,HCG,CGO,37
117,HCG,CO,18
117,HCG,G,596
117,HCG,GO,25
117,HCG,H,430
117,HCG,HC,115
117,HCG,HCG,853
117,HCG,HCGO,3949
117,HCG,HCO,43
117,HCG,HG,24
117,HCG,HGO,36
117,HCG,HO,21
117,HCG,O,1389
117,HCGO,C,2549
117,HCGO,CG,173
117,HCGO,CGO,174
117,HCGO,CO,111
117,HCGO,G,3185
117,HCGO,GO,154
117,HCGO,H,2270
117,HCGO,HC,716
117,HCGO,HCG,3833
117,HCGO,HCGO,21757
117,HCGO,HCO,259
117,HCGO,HG,192
117,HCGO,HGO,210
117,HCGO,HO,109
117,HCGO,O,7322
117,HCO,C,44
117,HCO,CGO,2
117,HCO,CO,2
117,HCO,G,82
117,HCO,GO,3
117,HCO,H,32
117,HCO,HC,10
117,HCO,HCG,51
117,HCO,HCGO,273
117,HCO,HCO,13
117,HCO,HG,3
117,HCO,HGO,4
117,HCO,HO,7
117,HCO,O,95
117,HG,C,44
117,HG,CG,4
117,HG,CGO,2
117,HG,CO,15
117,HG,G,37
117,HG,GO,3
117,HG,H,21
117,HG,HC,10
117,HG,HCG,36
117,HG,HCGO,214
117,HG,HCO,6
117,HG,HG,26
117,HG,HGO,9
117,HG,HO,1
117,HG,O,73
117,HGO,C,61
117,HGO,CG,5
117,HGO,CGO,4
117,HGO,CO,4
117,HGO,G,31
117,HGO,GO,2
117,HGO,H,24
117,HGO,HC,8
117,HGO,HCG,36
117,HGO,HCGO,227
117,HGO,HCO,4
117,HGO,HG,11
117,HGO,HGO,34
117,HGO,HO,2
117,HGO,O,90
117,HO,C,12
117,HO,CO,1
117,HO,G,20
117,HO,GO,3
117,HO,H,14
117,HO,HC,3
117,HO,HCG,21
117,HO,HCGO,97
117,HO,HCO,3
117,HO,HG,2
117,HO,HO,3
117,HO,O,30
117,O,C,858
117,O,CG,63
117,O,CGO,53
117,O,CO,62
117,O,G,1137
117,O,GO,82
117,O,H,746
117,O,HC,272
117,O,HCG,1454
117,O,HCGO,7288
117,O,HCO,94
117,O,HG,80
117,O,HGO,67
117,O,HO,26
117,O,O,2898
1269,C,C,220
1269,C,CG,17
1269,C,CGO,13
1269,C,CO,16
1269,C,G,201
1269,C,GO,18
1269,C,H,178
1269,C,HC,44
1269,C,HCG,263
1269,C,HCGO,1399
1269,C,HCO,15
1269,C,HG,30
1269,C,HGO,25
1269,C,HO,5
1269,C,O,500
1269,CG,C,16
1269,CG,CGO,1
1269,CG,CO,3
1269,CG,G,26
1269,CG,H,12
1269,CG,HC,1
1269,CG,HCG,13
1269,CG,HCGO,105
1269,CG,HCO,1
1269,CG,HGO,2
1269,CG,O,34
1269,CGO,C,8
1269,CGO,CGO,1
1269,CGO,CO,1
1269,CGO,G,15
1269,CGO,GO,1
1269,CGO,H,9
1269,CGO,HC,2
1269,CGO,HCG,14
1269,CGO,HCGO,100
1269,CGO,HG,2
1269,CGO,HGO,1
1269,CGO,O,34
1269,CO,C,8
1269,CO,CG,2
1269,CO,CGO,1
1269,CO,CO,1
1269,CO,G,10
1269,CO,GO,4
1269,CO,H,7
1269,CO,HC,5
1269,CO,HCG,15
1269,CO,HCGO,50
1269,CO,HCO,1
1269,CO,HGO,2
1269,CO,O,18
1269,G,C,213
1269,G,CG,17
1269,G,CGO,13
1269,G,CO,12
1269,G,G,335
1269,G,GO,25
1269,G,H,175
1269,G,HC,59
1269,G,HCG,318
1269,G,HCGO,1864
1269,G,HCO,26
1269,G,HG,10
1269,G,HGO,15
1269,G,HO,15
1269,G,O,649
1269,GO,C,11
1269,GO,CG,1
1269,GO,CGO,1
1269,GO,CO,1
1269,GO,G,27
1269,GO,H,9
1269,GO,HC,4
1269,GO,HCG,13
1269,GO,HCGO,85
1269,GO,HCO,2
1269,GO,HG,3
1269,GO,HGO,1
1269,GO,O,31
1269,H,C,138
1269,H,CG,13
1269,H,CGO,14
1269,H,CO,9
1269,H,G,180
1269,H,GO,11
1269,H,H,126
1269,H,HC,42
1269,H,HCG,209
1269,H,HCGO,1269
1269,H,HCO,19
1269,H,HG,16
1269,H,HGO,10
1269,H,HO,6
1269,H,O,439
1269,HC,C,60
1269,HC,CG,1
1269,HC,CGO,2
1269,HC,CO,4
1269,HC,G,73
1269,HC,GO,3
1269,HC,H,39
1269,HC,HC,15
1269,HC,HCG,68
1269,HC,HCGO,452
1269,HC,HCO,6
1269,HC,HG,7
1269,HC,HGO,4
1269,HC,HO,1
1269,HC,O,153
1269,HCG,C,204
1269,HCG,CG,13
1269,HCG,CGO,11
1269,HCG,CO,15
1269,HCG,G,299
1269,HCG,GO,18
1269,HCG,H,223
1269,HCG,HC,82
1269,HCG,HCG,409
1269,HCG,HCGO,2071
1269,HCG,HCO,29
1269,HCG,HG,18
1269,HCG,HGO,20
1269,HCG,HO,12
1269,HCG,O,755
1269,HCGO,C,1430
1269,HCGO,CG,99
1269,HCGO,CGO,112
1269,HCGO,CO,73
1269,HCGO,G,1880
1269,HCGO,GO,92
1269,HCGO,H,1280
1269,HCGO,HC,400
1269,HCGO,HCG,2096
1269,HCGO,HCGO,11813
1269,HCGO,HCO,161
1269,HCGO,HG,124
1269,HCGO,HGO,113
1269,HCGO,HO,46
1269,HCGO,O,4145
1269,HCO,C,15
1269,HCO,CGO,2
1269,HCO,G,33
1269,HCO,GO,4
1269,HCO,H,11
1269,HCO,HC,5
1269,HCO,HCG,33
1269,HCO,HCGO,177
1269,HCO,HCO,6
1269,HCO,HG,1
1269,HCO,HGO,2
1269,HCO,HO,1
1269,HCO,O,50
1269,HG,C,19
1269,HG,CGO,1
1269,HG,CO,2
1269,HG,G,21
1269,HG,H,7
1269,HG,HC,3
1269,HG,HCG,22
1269,HG,HCGO,100
1269,HG,HCO,1
1269,HG,HG,9
1269,HG,HGO,2
1269,HG,HO,1
1269,HG,O,53
1269,HGO,C,35
1269,HGO,CG,1
1269,HGO,CO,1
1269,HGO,G,22
1269,HGO,GO,1
1269,HGO,H,15
1269,HGO,HC,4
1269,HGO,HCG,18
1269,HGO,HCGO,130
1269,HGO,HCO,1
1269,HGO,HG,4
1269,HGO,HGO,10
1269,HGO,O,46
1269,HO,C,6
1269,HO,CG,1
1269,HO,CGO,1
1269,HO,CO,1
1269,HO,G,10
1269,HO,GO,1
1269,HO,H,8
1269,HO,HC,2
1269,HO,HCG,16
1269,HO,HCGO,40
1269,HO,HGO,1
1269,HO,O,17
1269,O,C,457
1269,O,CG,36
1269,O,CGO,29
1269,O,CO,27
1269,O,G,638
1269,O,GO,44
1269,O,H,468
1269,O,HC,137
1269,O,HCG,794
1269,O,HCGO,4114
1269,O,HCO,51
1269,O,HG,34
1269,O,HGO,46
1269,O,HO,17
1269,O,O,1483
13738,C,C,122
13738,C,CG,10
13738,C,CGO,9
13738,C,CO,11
13738,C,G,175
13738,C,GO,8
13738,C,H,99
13738,C,HC,29
13738,C,HCG,197
13738,C,HCGO,1037
13738,C,HCO,18
13738,C,HG,7
13738,C,HGO,17
13738,C,HO,7
13738,C,O,366
13738,CG,C,13
13738,CG,CG,2
13738,CG,G,9
13738,CG,H,10
13738,CG,HC,6
13738,CG,HCG,8
13738,CG,HCGO,73
13738,CG,HCO,2
13738,CG,HG,1
13738,CG,HGO,1
13738,CG,O,18
13738,CGO,C,11
13738,CGO,CG,1
13738,CGO,CGO,1
13738,CGO,CO,1
13738,CGO,G,14
13738,CGO,H,12
13738,CGO,HCG,8
13738,CGO,HCGO,69
13738,CGO,O,22
13738,CO,C,4
13738,CO,CG,1
13738,CO,CGO,1
13738,CO,CO,3
13738,CO,G,8
13738,CO,H,8
13738,CO,HC,3
13738,CO,HCG,14
13738,CO,HCGO,43
13738,CO,HG,1
13738,CO,HGO,1
13738,CO,O,23
13738,G,C,172
13738,G,CG,14
13738,G,CGO,13
13738,G,CO,11
13738,G,G,186
13738,G,GO,5
13738,G,H,145
13738,G,HC,62
13738,G,HCG,237
13738,G,HCGO,1349
13738,G,HCO,18
13738,G,HG,15
13738,G,HGO,19
13738,G,HO,6
13738,G,O,507
13738,GO,C,13
13738,GO,CGO,1
13738,GO,CO,1
13738,GO,G,13
13738,GO,GO,2
13738,GO,H,4
13738,GO,HC,1
13738,GO,HCG,8
13738,GO,HCGO,59
13738,GO,HGO,1
13738,GO,O,25
13738,H,C,122
13738,H,CG,4
13738,H,CGO,5
13738,H,CO,6
13738,H,G,114
13738,H,GO,11
13738,H,H,107
13738,H,HC,32
13738,H,HCG,176
13738,H,HCGO,964
13738,H,HCO,10
13738,H,HG,9
13738,H,HGO,13
13738,H,HO,3
13738,H,O,319
13738,HC,C,39
13738,HC,CG,3
13738,HC,CGO,2
13738,HC,CO,1
13738,HC,G,48
13738,HC,GO,4
13738,HC,H,27
13738,HC,HC,19
13738,HC,HCG,55
13738,HC,HCGO,315
13738,HC,HCO,2
13738,HC,HG,2
13738,HC,HGO,3
13738,HC,HO,2
13738,HC,O,95
13738,HCG,C,224
13738,HCG,CG,14
13738,HCG,CGO,14
13738,HCG,CO,12
13738,HCG,G,244
13738,HCG,GO,16
13738,HCG,H,184
13738,HCG,HC,63
13738,HCG,HCG,300
13738,HCG,HCGO,1595
13738,HCG,HCO,20
13738,HCG,HG,9
13738,HCG,HGO,16
13738,HCG,HO,6
13738,HCG,O,556
13738,HCGO,C,1015
13738,HCGO,CG,70
13738,HCGO,CGO,73
13738,HCGO,CO,46
13738,HCGO,G,1303
13738,HCGO,GO,75
13738,HCGO,H,1002
13738,HCGO,HC,305
13738,HCGO,HCG,1594
13738,HCGO,HCGO,8873
13738,HCGO,HCO,116
13738,HCGO,HG,82
13738,HCGO,HGO,97
13738,HCGO,HO,33
13738,HCGO,O,3076
13738,HCO,C,15
13738,HCO,CG,1
13738,HCO,CGO,2
13738,HCO,G,19
13738,HCO,GO,1
13738,HCO,H,10
13738,HCO,HC,7
13738,HCO,HCG,25
13738,HCO,HCGO,116
13738,HCO,HCO,1
13738,HCO,HG,1
13738,HCO,HGO,1
13738,HCO,O,55
13738,HG,C,16
13738,HG,CG,1
13738,HG,CGO,1
13738,HG,CO,1
13738,HG,G,17
13738,HG,GO,2
13738,HG,H,6
13738,HG,HC,3
13738,HG,HCG,12
13738,HG,HCGO,69
13738,HG,HCO,1
13738,HG,O,28
13738,HGO,C,12
13738,HGO,G,9
13738,HGO,H,12
13738,HGO,HC,2
13738,HGO,HCG,11
13738,HGO,HCGO,92
13738,HGO,HCO,2
13738,HGO,HG,1
13738,HGO,HGO,2
13738,HGO,HO,1
13738,HGO,O,29
13738,HO,C,4
13738,HO,CG,1
13738,HO,G,4
13738,HO,GO,1
13738,HO,H,5
13738,HO,HCG,8
13738,HO,HCGO,31
13738,HO,O,8
13738,O,C,382
13738,O,CG,20
13738,O,CGO,34
13738,O,CO,12
13738,O,G,476
13738,O,GO,28
13738,O,H,324
13738,O,HC,122
13738,O,HCG,571
13738,O,HCGO,3169
13738,O,HCO,37
13738,O,HG,26
13738,O,HGO,22
13738,O,HO,14
13738,O,O,1068
16,C,C,891
16,C,CG,39
16,C,CGO,27
16,C,CO,46
16,C,G,533
16,C,GO,41
16,C,H,367
16,C,HC,104
16,C,HCG,600
16,C,HCGO,3180
16,C,HCO,45
16,C,HG,81
16,C,HGO,107
16,C,HO,15
16,C,O,1177
16,CG,C,32
16,CG,CG,12
16,CG,CGO,4
16,CG,CO,1
16,CG,G,60
16,CG,GO,4
16,CG,H,34
16,CG,HC,7
16,CG,HCG,43
16,CG,HCGO,233
16,CG,HCO,1
16,CG,HG,3
16,CG,HGO,3
16,CG,HO,4
16,CG,O,87
16,CGO,C,26
16,CGO,CG,8
16,CGO,CGO,4
16,CGO,CO,3
16,CGO,G,42
16,CGO,GO,1
16,CGO,H,19
16,CGO,HC,10
16,CGO,HCG,46
16,CGO,HCGO,195
16,CGO,HCO,3
16,CGO,HG,3
16,CGO,HGO,3
16,CGO,HO,3
16,CGO,O,91
16,CO,C,50
16,CO,CG,3
16,CO,CGO,2
16,CO,CO,38
16,CO,G,28
16,CO,GO,1
16,CO,H,16
16,CO,HC,3
16,CO,HCG,27
16,CO,HCGO,148
16,CO,HCO,3
16,CO,HG,22
16,CO,HGO,1
16,CO,HO,1
16,CO,O,74
16,G,C,508
16,G,CG,37
16,G,CGO,39
16,G,CO,21
16,G,G,1500
16,G,GO,53
16,G,H,478
16,G,HC,206
16,G,HCG,773
16,G,HCGO,4270
16,G,HCO,119
16,G,HG,40
16,G,HGO,52
16,G,HO,21
16,G,O,1503
16,GO,C,21
16,GO,CG,2
16,GO,CGO,1
16,GO,G,62
16,GO,GO,7
16,GO,H,23
16,GO,HC,21
16,GO,HCG,39
16,GO,HCGO,217
16,GO,HCO,2
16,GO,HG,1
16,GO,HGO,3
16,GO,HO,1
16,GO,O,78
16,H,C,346
16,H,CG,31
16,H,CGO,29
16,H,CO,14
16,H,G,466
16,H,GO,30
16,H,H,358
16,H,HC,88
16,H,HCG,524
16,H,HCGO,2877
16,H,HCO,33
16,H,HG,29
16,H,HGO,42
16,H,HO,12
16,H,O,997
16,HC,C,118
16,HC,CG,6
16,HC,CGO,9
16,HC,CO,4
16,HC,G,177
16,HC,GO,15
16,HC,H,119
16,HC,HC,65
16,HC,HCG,166
16,HC,HCGO,936
16,HC,HCO,12
16,HC,HG,5
16,HC,HGO,8
16,HC,HO,8
16,HC,O,334
16,HCG,C,589
16,HCG,CG,39
16,HCG,CGO,50
16,HCG,CO,21
16,HCG,G,716
16,HCG,GO,43
16,HCG,H,555
16,HCG,HC,163
16,HCG,HCG,1128
16,HCG,HCGO,5087
16,HCG,HCO,55
16,HCG,HG,40
16,HCG,HGO,43
16,HCG,HO,21
16,HCG,O,1943
16,HCGO,C,3232
16,HCGO,CG,231
16,HCGO,CGO,217
16,HCGO,CO,155
16,HCGO,G,4141
16,HCGO,GO,212
16,HCGO,H,2950
16,HCGO,HC,1012
16,HCGO,HCG,5061
16,HCGO,HCGO,29358
16,HCGO,HCO,379
16,HCGO,HG,279
16,HCGO,HGO,271
16,HCGO,HO,143
16,HCGO,O,9640
16,HCO,C,50
16,HCO,CG,3
16,HCO,CGO,6
16,HCO,CO,2
16,HCO,G,129
16,HCO,GO,3
16,HCO,H,32
16,HCO,HC,16
16,HCO,HCG,60
16,HCO,HCGO,381
16,HCO,HCO,29
16,HCO,HG,4
16,HCO,HGO,1
16,HCO,HO,2
16,HCO,O,142
16,HG,C,68
16,HG,CG,1
16,HG,CGO,5
16,HG,CO,27
16,HG,G,48
16,HG,H,37
16,HG,HC,8
16,HG,HCG,44
16,HG,HCGO,240
16,HG,HCO,8
16,HG,HG,47
16,HG,HGO,11
16,HG,HO,2
16,HG,O,91
16,HGO,C,82
16,HGO,CG,3
16,HGO,CGO,2
16,HGO,CO,13
16,HGO,G,42
16,HGO,GO,1
16,HGO,H,31
16,HGO,HC,11
16,HGO,HCG,46
16,HGO,HCGO,285
16,HGO,HCO,4
16,HGO,HG,20
16,HGO,HGO,51
16,HGO,HO,3
16,HGO,O,106
16,HO,C,21
16,HO,CG,3
16,HO,CGO,2
16,HO,CO,1
16,HO,G,20
16,HO,GO,1
16,HO,H,14
16,HO,HC,7
16,HO,HCG,20
16,HO,HCGO,132
16,HO,HCO,3
16,HO,HG,1
16,HO,HGO,2
16,HO,O,52
16,O,C,1200
16,O,CG,100
16,O,CGO,70
16,O,CO,67
16,O,G,1522
16,O,GO,88
16,O,H,1041
16,O,HC,334
16,O,HCG,2032
16,O,HCGO,9529
16,O,HCO,127
16,O,HG,98
16,O,HGO,102
16,O,HO,54
16,O,O,4167
174,C,C,470
174,C,CG,33
174,C,CGO,22
174,C,CO,34
174,C,G,363
174,C,GO,19
174,C,H,267
174,C,HC,72
174,C,HCG,370
174,C,HCGO,2147
174,C,HCO,28
174,C,HG,50
174,C,HGO,63
174,C,HO,14
174,C,O,786
174,CG,C,25
174,CG,CG,5
174,CG,CGO,1
174,CG,G,35
174,CG,GO,2
174,CG,H,23
174,CG,HC,6
174,CG,HCG,26
174,CG,HCGO,165
174,CG,HCO,3
174,CG,HG,1
174,CG,HGO,2
174,CG,HO,1
174,CG,O,60
174,CGO,C,18
174,CGO,CGO,1
174,CGO,G,18
174,CGO,GO,4
174,CGO,H,23
174,CGO,HC,7
174,CGO,HCG,37
174,CGO,HCGO,145
174,CGO,HGO,1
174,CGO,O,58
174,CO,C,32
174,CO,CG,1
174,CO,CO,13
174,CO,G,18
174,CO,GO,2
174,CO,H,21
174,CO,HC,8
174,CO,HCG,16
174,CO,HCGO,103
174,CO,HCO,1
174,CO,HG,9
174,CO,HGO,1
174,CO,O,42
174,G,C,349
174,G,CG,42
174,G,CGO,22
174,G,CO,20
174,G,G,890
174,G,GO,34
174,G,H,324
174,G,HC,126
174,G,HCG,511
174,G,HCGO,2951
174,G,HCO,69
174,G,HG,37
174,G,HGO,32
174,G,HO,9
174,G,O,1004
174,GO,C,23
174,GO,CGO,2
174,GO,CO,1
174,GO,G,41
174,GO,H,16
174,GO,HC,10
174,GO,HCG,31
174,GO,HCGO,189
174,GO,HCO,2
174,GO,HG,3
174,GO,HGO,3
174,GO,HO,1
174,GO,O,65
174,H,C,234
174,H,CG,25
174,H,CGO,18
174,H,CO,16
174,H,G,353
174,H,GO,17
174,H,H,223
174,H,HC,69
174,H,HCG,403
174,H,HCGO,1959
174,H,HCO,21
174,H,HG,10
174,H,HGO,19
174,H,HO,11
174,H,O,701
174,HC,C,73
174,HC,CG,7
174,HC,CGO,5
174,HC,CO,4
174,HC,G,131
174,HC,GO,10
174,HC,H,64
174,HC,HC,41
174,HC,HCG,145
174,HC,HCGO,677
174,HC,HCO,17
174,HC,HG,3
174,HC,HGO,10
174,HC,HO,4
174,HC,O,233
174,HCG,C,395
174,HCG,CG,25
174,HCG,CGO,39
174,HCG,CO,18
174,HCG,G,517
174,HCG,GO,31
174,HCG,H,357
174,HCG,HC,114
174,HCG,HCG,722
174,HCG,HCGO,3478
174,HCG,HCO,48
174,HCG,HG,26
174,HCG,HGO,31
174,HCG,HO,17
174,HCG,O,1320
174,HCGO,C,2187
174,HCGO,CG,179
174,HCGO,CGO,177
174,HCGO,CO,99
174,HCGO,G,2941
174,HCGO,GO,166
174,HCGO,H,1906
174,HCGO,HC,638
174,HCGO,HCG,3357
174,HCGO,HCGO,19304
174,HCGO,HCO,245
174,HCGO,HG,165
174,HCGO,HGO,189
174,HCGO,HO,84
174,HCGO,O,6425
174,HCO,C,32
174,HCO,CG,3
174,HCO,CGO,4
174,HCO,CO,1
174,HCO,G,76
174,HCO,GO,6
174,HCO,H,26
174,HCO,HC,13
174,HCO,HCG,56
174,HCO,HCGO,241
174,HCO,HCO,10
174,HCO,HG,3
174,HCO,HGO,3
174,HCO,HO,2
174,HCO,O,76
174,HG,C,34
174,HG,CG,3
174,HG,CGO,2
174,HG,CO,14
174,HG,G,34
174,HG,GO,1
174,HG,H,27
174,HG,HC,3
174,HG,HCG,36
174,HG,HCGO,171
174,HG,HCO,4
174,HG,HG,13
174,HG,HGO,10
174,HG,HO,2
174,HG,O,65
174,HGO,C,53
174,HGO,CG,3
174,HGO,CO,1
174,HGO,G,35
174,HGO,GO,1
174,HGO,H,22
174,HGO,HC,9
174,HGO,HCG,34
174,HGO,HCGO,211
174,HGO,HCO,7
174,HGO,HG,9
174,HGO,HGO,22
174,HGO,HO,2
174,HGO,O,59
174,HO,C,10
174,HO,CG,1
174,HO,CGO,1
174,HO,CO,1
174,HO,G,19
174,HO,H,10
174,HO,HC,2
174,HO,HCG,17
174,HO,HCGO,92
174,HO,HO,1
174,HO,O,33
174,O,C,798
174,O,CG,56
174,O,CGO,46
174,O,CO,41
174,O,G,1045
174,O,GO,50
174,O,H,670
174,O,HC,248
174,O,HCG,1286
174,O,HCGO,6522
174,O,HCO,99
174,O,HG,55
174,O,HGO,72
174,O,HO,36
174,O,O,2613
1887,C,C,197
1887,C,CG,15
1887,C,CGO,12
1887,C,CO,9
1887,C,G,217
1887,C,GO,14
1887,C,H,136
1887,C,HC,45
1887,C,HCG,219
1887,C,HCGO,1277
1887,C,HCO,15
1887,C,HG,31
1887,C,HGO,27
1887,C,HO,5
1887,C,O,461
1887,CG,C,16
1887,CG,CG,1
1887,CG,CO,1
1887,CG,G,14
1887,CG,GO,1
1887,CG,H,8
1887,CG,HC,4
1887,CG,HCG,9
1887,CG,HCGO,86
1887,CG,HG,3
1887,CG,O,30
1887,CGO,C,14
1887,CGO,CGO,2
1887,CGO,CO,2
1887,CGO,G,17
1887,CGO,H,9
1887,CGO,HC,5
1887,CGO,HCG,10
1887,CGO,HCGO,79
1887,CGO,HCO,3
1887,CGO,HG,2
1887,CGO,O,36
1887,CO,C,12
1887,CO,CG,1
1887,CO,CGO,1
1887,CO,CO,1
1887,CO,G,14
1887,CO,GO,2
1887,CO,H,6
1887,CO,HC,1
1887,CO,HCG,15
1887,CO,HCGO,52
1887,CO,HCO,1
1887,CO,HG,6
1887,CO,HGO,2
1887,CO,HO,1
1887,CO,O,19
1887,G,C,218
1887,G,CG,11
1887,G,CGO,18
1887,G,CO,7
1887,G,G,246
1887,G,GO,12
1887,G,H,166
1887,G,HC,77
1887,G,HCG,312
1887,G,HCGO,1677
1887,G,HCO,23
1887,G,HG,21
1887,G,HGO,18
1887,G,HO,12
1887,G,O,571
1887,GO,C,9
1887,GO,CO,1
1887,GO,G,17
1887,GO,GO,1
1887,GO,H,12
1887,GO,HC,2
1887,GO,HCG,20
1887,GO,HCGO,83
1887,GO,HCO,1
1887,GO,HGO,1
1887,GO,HO,1
1887,GO,O,26
1887,H,C,140
1887,H,CG,14
1887,H,CGO,13
1887,H,CO,5
1887,H,G,190
1887,H,GO,9
1887,H,H,115
1887,H,HC,41
1887,H,HCG,243
1887,H,HCGO,1135
1887,H,HCO,17
1887,H,HG,9
1887,H,HGO,10
1887,H,HO,3
1887,H,O,388
1887,HC,C,44
1887,HC,CG,6
1887,HC,CGO,3
1887,HC,G,56
1887,HC,GO,2
1887,HC,H,50
1887,HC,HC,18
1887,HC,HCG,66
1887,HC,HCGO,409
1887,HC,HCO,3
1887,HC,HG,1
1887,HC,HGO,5
1887,HC,HO,1
1887,HC,O,136
1887,HCG,C,221
1887,HCG,CG,11
1887,HCG,CGO,19
1887,HCG,CO,6
1887,HCG,G,318
1887,HCG,GO,26
1887,HCG,H,191
1887,HCG,HC,67
1887,HCG,HCG,373
1887,HCG,HCGO,2093
1887,HCG,HCO,31
1887,HCG,HG,19
1887,HCG,HGO,20
1887,HCG,HO,14
1887,HCG,O,692
1887,HCGO,C,1277
1887,HCGO,CG,96
1887,HCGO,CGO,92
1887,HCGO,CO,67
1887,HCGO,G,1693
1887,HCGO,GO,83
1887,HCGO,H,1177
1887,HCGO,HC,374
1887,HCGO,HCG,2015
1887,HCGO,HCGO,10985
1887,HCGO,HCO,150
1887,HCGO,HG,97
1887,HCGO,HGO,127
1887,HCGO,HO,44
1887,HCGO,O,3757
1887,HCO,C,12
1887,HCO,CG,1
1887,HCO,CGO,1
1887,HCO,CO,1
1887,HCO,G,18
1887,HCO,GO,2
1887,HCO,H,19
1887,HCO,HC,11
1887,HCO,HCG,29
1887,HCO,HCGO,151
1887,HCO,HCO,3
1887,HCO,HG,1
1887,HCO,HGO,1
1887,HCO,O,55
1887,HG,C,21
1887,HG,CG,3
1887,HG,CGO,4
1887,HG,CO,6
1887,HG,G,18
1887,HG,GO,1
1887,HG,H,13
1887,HG,HC,5
1887,HG,HCG,18
1887,HG,HCGO,94
1887,HG,HG,1
1887,HG,HGO,2
1887,HG,O,37
1887,HGO,C,22
1887,HGO,CG,2
1887,HGO,CGO,1
1887,HGO,CO,3
1887,HGO,G,15
1887,HGO,GO,1
1887,HGO,H,19
1887,HGO,HC,2
1887,HGO,HCG,13
1887,HGO,HCGO,103
1887,HGO,HG,4
1887,HGO,HGO,7
1887,HGO,O,34
1887,HO,C,5
1887,HO,G,5
1887,HO,GO,2
1887,HO,H,4
1887,HO,HC,1
1887,HO,HCG,14
1887,HO,HCGO,45
1887,HO,HCO,2
1887,HO,HGO,2
1887,HO,O,19
1887,O,C,460
1887,O,CG,32
1887,O,CGO,34
1887,O,CO,23
1887,O,G,591
1887,O,GO,26
1887,O,H,403
1887,O,HC,143
1887,O,HCG,732
1887,O,HCGO,3721
1887,O,HCO,46
1887,O,HG,30
1887,O,HGO,36
1887,O,HO,18
1887,O,O,1407
2,C,C,1568
2,C,CG,36
2,C,CGO,33
2,C,CO,44
2,C,G,531
2,C,GO,28
2,C,H,419
2,C,HC,95
2,C,HCG,644
2,C,HCGO,3472
2,C,HCO,43
2,C,HG,78
2,C,HGO,118
2,C,HO,33
2,C,O,1268
2,CG,C,38
2,CG,CG,27
2,CG,CGO,6
2,CG,CO,1
2,CG,G,42
2,CG,GO,1
2,CG,H,53
2,CG,HCG,51
2,CG,HCGO,256
2,CG,HCO,4
2,CG,HG,3
2,CG,HGO,4
2,CG,HO,4
2,CG,O,88
2,CGO,C,32
2,CGO,CG,9
2,CGO,CGO,5
2,CGO,CO,4
2,CGO,G,33
2,CGO,GO,2
2,CGO,H,33
2,CGO,HC,10
2,CGO,HCG,42
2,CGO,HCGO,246
2,CGO,HCO,4
2,CGO,HG,2
2,CGO,HGO,3
2,CGO,HO,4
2,CGO,O,86
2,CO,C,34
2,CO,CGO,3
2,CO,CO,33
2,CO,G,32
2,CO,GO,5
2,CO,H,18
2,CO,HC,3
2,CO,HCG,34
2,CO,HCGO,151
2,CO,HCO,3
2,CO,HG,23
2,CO,HGO,5
2,CO,O,78
2,G,C,598
2,G,CG,44
2,G,CGO,36
2,G,CO,31
2,G,G,1995
2,G,GO,65
2,G,H,460
2,G,HC,243
2,G,HCG,827
2,G,HCGO,4556
2,G,HCO,143
2,G,HG,49
2,G,HGO,43
2,G,HO,28
2,G,O,1580
2,GO,C,26
2,GO,CG,4
2,GO,CGO,4
2,GO,CO,1
2,GO,G,57
2,GO,GO,21
2,GO,H,26
2,GO,HC,17
2,GO,HCG,30
2,GO,HCGO,218
2,GO,HCO,5
2,GO,HG,1
2,GO,HGO,1
2,GO,O,98
2,H,C,405
2,H,CG,30
2,H,CGO,42
2,H,CO,15
2,H,G,508
2,H,GO,28
2,H,H,480
2,H,HC,93
2,H,HCG,577
2,H,HCGO,3063
2,H,HCO,37
2,H,HG,41
2,H,HGO,38
2,H,HO,21
2,H,O,1117
2,HC,C,100
2,HC,CG,4
2,HC,CGO,6
2,HC,CO,4
2,HC,G,239
2,HC,GO,22
2,HC,H,86
2,HC,HC,150
2,HC,HCG,165
2,HC,HCGO,1066
2,HC,HCO,25
2,HC,HG,4
2,HC,HGO,6
2,HC,HO,3
2,HC,O,396
2,HCG,C,613
2,HCG,CG,45
2,HCG,CGO,37
2,HCG,CO,20
2,HCG,G,810
2,HCG,GO,29
2,HCG,H,527
2,HCG,HC,196
2,HCG,HCG,1453
2,HCG,HCGO,5459
2,HCG,HCO,54
2,HCG,HG,37
2,HCG,HGO,39
2,HCG,HO,18
2,HCG,O,2086
2,HCGO,C,3402
2,HCGO,CG,227
2,HCGO,CGO,238
2,HCGO,CO,168
2,HCGO,G,4395
2,HCGO,GO,223
2,HCGO,H,3091
2,HCGO,HC,1034
2,HCGO,HCG,5409
2,HCGO,HCGO,34319
2,HCGO,HCO,393
2,HCGO,HG,305
2,HCGO,HGO,320
2,HCGO,HO,140
2,HCGO,O,10308
2,HCO,C,39
2,HCO,CG,2
2,HCO,CGO,5
2,HCO,CO,2
2,HCO,G,120
2,HCO,GO,3
2,HCO,H,45
2,HCO,HC,24
2,HCO,HCG,58
2,HCO,HCGO,350
2,HCO,HCO,43
2,HCO,HG,6
2,HCO,HGO,1
2,HCO,HO,7
2,HCO,O,123
2,HG,C,77
2,HG,CG,2
2,HG,CGO,3
2,HG,CO,29
2,HG,G,39
2,HG,H,39
2,HG,HC,5
2,HG,HCG,43
2,HG,HCGO,266
2,HG,HCO,4
2,HG,HG,55
2,HG,HGO,16
2,HG,HO,1
2,HG,O,114
2,HGO,C,107
2,HGO,CG,5
2,HGO,CGO,2
2,HGO,CO,3
2,HGO,G,46
2,HGO,GO,3
2,HGO,H,46
2,HGO,HC,7
2,HGO,HCG,43
2,HGO,HCGO,286
2,HGO,HCO,5
2,HGO,HG,10
2,HGO,HGO,67
2,HGO,HO,4
2,HGO,O,121
2,HO,C,22
2,HO,CG,2
2,HO,CGO,3
2,HO,CO,1
2,HO,G,24
2,HO,GO,1
2,HO,H,18
2,HO,HC,5
2,HO,HCG,18
2,HO,HCGO,131
2,HO,HCO,3
2,HO,HGO,4
2,HO,HO,7
2,HO,O,54
2,O,C,1232
2,O,CG,92
2,O,CGO,75
2,O,CO,63
2,O,G,1609
2,O,GO,101
2,O,H,1122
2,O,HC,370
2,O,HCG,2138
2,O,HCGO,10372
2,O,HCO,126
2,O,HG,116
2,O,HGO,105
2,O,HO,48
2,O,O,5723
20434,C,C,131
20434,C,CG,13
20434,C,CGO,5
20434,C,CO,7
20434,C,G,157
20434,C,GO,6
20434,C,H,117
20434,C,HC,41
20434,C,HCG,176
20434,C,HCGO,1006
20434,C,HCO,14
20434,C,HG,9
20434,C,HGO,19
20434,C,HO,3
20434,C,O,375
20434,CG,C,7
20434,CG,CGO,1
20434,CG,G,12
20434,CG,H,6
20434,CG,HC,1
20434,CG,HCG,12
20434,CG,HCGO,65
20434,CG,HG,1
20434,CG,HGO,1
20434,CG,HO,1
20434,CG,O,27
20434,CGO,C,7
20434,CGO,CO,1
20434,CGO,G,11
20434,CGO,H,11
20434,CGO,HCG,9
20434,CGO,HCGO,67
20434,CGO,HG,1
20434,CGO,HGO,1
20434,CGO,O,26
20434,CO,C,13
20434,CO,CG,1
20434,CO,CO,1
20434,CO,G,5
20434,CO,GO,1
20434,CO,H,11
20434,CO,HC,2
20434,CO,HCG,7
20434,CO,HCGO,46
20434,CO,HCO,2
20434,CO,HGO,3
20434,CO,O,20
20434,G,C,173
20434,G,CG,13
20434,G,CGO,9
20434,G,CO,14
20434,G,G,233
20434,G,GO,10
20434,G,H,137
20434,G,HC,47
20434,G,HCG,244
20434,G,HCGO,1359
20434,G,HCO,16
20434,G,HG,17
20434,G,HGO,9
20434,G,HO,6
20434,G,O,501
20434,GO,C,6
20434,GO,G,8
20434,GO,H,10
20434,GO,HC,2
20434,GO,HCG,7
20434,GO,HCGO,73
20434,GO,O,21
20434,H,C,128
20434,H,CG,9
20434,H,CGO,4
20434,H,CO,2
20434,H,G,153
20434,H,GO,9
20434,H,H,92
20434,H,HC,26
20434,H,HCG,167
20434,H,HCGO,960
20434,H,HCO,13
20434,H,HG,9
20434,H,HGO,5
20434,H,HO,4
20434,H,O,358
20434,HC,C,33
20434,HC,CG,2
20434,HC,CGO,2
20434,HC,CO,1
20434,HC,G,44
20434,HC,GO,3
20434,HC,H,27
20434,HC,HC,8
20434,HC,HCG,65
20434,HC,HCGO,289
20434,HC,HCO,8
20434,HC,HG,1
20434,HC,HGO,5
20434,HC,O,120
20434,HCG,C,198
20434,HCG,CG,18
20434,HCG,CGO,12
20434,HCG,CO,4
20434,HCG,G,228
20434,HCG,GO,18
20434,HCG,H,186
20434,HCG,HC,52
20434,HCG,HCG,311
20434,HCG,HCGO,1578
20434,HCG,HCO,24
20434,HCG,HG,17
20434,HCG,HGO,12
20434,HCG,HO,4
20434,HCG,O,577
20434,HCGO,C,1048
20434,HCGO,CG,67
20434,HCGO,CGO,69
20434,HCGO,CO,47
20434,HCGO,G,1308
20434,HCGO,GO,66
20434,HCGO,H,940
20434,HCGO,HC,340
20434,HCGO,HCG,1535
20434,HCGO,HCGO,8533
20434,HCGO,HCO,106
20434,HCGO,HG,56
20434,HCGO,HGO,94
20434,HCGO,HO,39
20434,HCGO,O,2963
20434,HCO,C,14
20434,HCO,CGO,1
20434,HCO,CO,1
20434,HCO,G,16
20434,HCO,H,16
20434,HCO,HC,4
20434,HCO,HCG,20
20434,HCO,HCGO,110
20434,HCO,HCO,6
20434,HCO,HG,2
20434,HCO,HGO,1
20434,HCO,HO,2
20434,HCO,O,43
20434,HG,C,22
20434,HG,CG,1
20434,HG,G,9
20434,HG,GO,1
20434,HG,H,9
20434,HG,HC,3
20434,HG,HCG,19
20434,HG,HCGO,80
20434,HG,HG,2
20434,HG,HGO,3
20434,HG,O,29
20434,HGO,C,15
20434,HGO,CGO,1
20434,HGO,CO,1
20434,HGO,G,12
20434,HGO,H,12
20434,HGO,HC,5
20434,HGO,HCG,15
20434,HGO,HCGO,84
20434,HGO,HCO,1
20434,HGO,O,30
20434,HO,C,6
20434,HO,CG,2
20434,HO,CGO,1
20434,HO,G,6
20434,HO,H,7
20434,HO,HC,2
20434,HO,HCG,7
20434,HO,HCGO,42
20434,HO,HCO,2
20434,HO,HO,1
20434,HO,O,20
20434,O,C,360
20434,O,CG,29
20434,O,CGO,24
20434,O,CO,15
20434,O,G,459
20434,O,GO,26
20434,O,H,334
20434,O,HC,113
20434,O,HCG,590
20434,O,HCGO,3104
20434,O,HCO,38
20434,O,HG,22
20434,O,HGO,28
20434,O,HO,18
20434,O,O,1094
24,C,C,836
24,C,CG,25
24,C,CGO,31
24,C,CO,33
24,C,G,531
24,C,GO,39
24,C,H,359
24,C,HC,87
24,C,HCG,585
24,C,HCGO,3341
24,C,HCO,41
24,C,HG,75
24,C,HGO,98
24,C,HO,13
24,C,O,1155
24,CG,C,36
24,CG,CG,12
24,CG,CGO,5
24,CG,CO,1
24,CG,G,47
24,CG,GO,2
24,CG,H,51
24,CG,HC,10
24,CG,HCG,31
24,CG,HCGO,223
24,CG,HCO,4
24,CG,HG,2
24,CG,HGO,4
24,CG,HO,5
24,CG,O,89
24,CGO,C,31
24,CGO,CG,3
24,CGO,CGO,6
24,CGO,G,34
24,CGO,H,30
24,CGO,HC,7
24,CGO,HCG,54
24,CGO,HCGO,200
24,CGO,HCO,2
24,CGO,HG,3
24,CGO,HGO,4
24,CGO,HO,3
24,CGO,O,78
24,CO,C,26
24,CO,CG,3
24,CO,CGO,1
24,CO,CO,25
24,CO,G,23
24,CO,H,10
24,CO,HC,7
24,CO,HCG,22
24,CO,HCGO,144
24,CO,HCO,4
24,CO,HG,16
24,CO,HGO,4
24,CO,HO,1
24,CO,O,61
24,G,C,509
24,G,CG,44
24,G,CGO,39
24,G,CO,29
24,G,G,1471
24,G,GO,48
24,G,H,445
24,G,HC,208
24,G,HCG,719
24,G,HCGO,4292
24,G,HCO,136
24,G,HG,43
24,G,HGO,49
24,G,HO,27
24,G,O,1536
24,GO,C,30
24,GO,CG,6
24,GO,CGO,2
24,GO,G,37
24,GO,GO,6
24,GO,H,25
24,GO,HC,17
24,GO,HCG,41
24,GO,HCGO,202
24,GO,HCO,2
24,GO,HG,5
24,GO,HGO,4
24,GO,HO,2
24,GO,O,73
24,H,C,366
24,H,CG,41
24,H,CGO,27
24,H,CO,12
24,H,G,477
24,H,GO,21
24,H,H,333
24,H,HC,95
24,H,HCG,517
24,H,HCGO,2924
24,H,HCO,32
24,H,HG,36
24,H,HGO,34
24,H,HO,11
24,H,O,1057
24,HC,C,97
24,HC,CG,6
24,HC,CGO,8
24,HC,CO,5
24,HC,G,211
24,HC,GO,10
24,HC,H,104
24,HC,HC,73
24,HC,HCG,156
24,HC,HCGO,988
24,HC,HCO,26
24,HC,HG,8
24,HC,HGO,8
24,HC,HO,3
24,HC,O,325
24,HCG,C,582
24,HCG,CG,38
24,HCG,CGO,46
24,HCG,CO,24
24,HCG,G,768
24,HCG,GO,36
24,HCG,H,515
24,HCG,HC,189
24,HCG,HCG,1104
24,HCG,HCGO,5015
24,HCG,HCO,75
24,HCG,HG,40
24,HCG,HGO,42
24,HCG,HO,22
24,HCG,O,1902
24,HCGO,C,3164
24,HCGO,CG,255
24,HCGO,CGO,238
24,HCGO,CO,159
24,HCGO,G,4195
24,HCGO,GO,228
24,HCGO,H,2818
24,HCGO,HC,973
24,HCGO,HCG,5068
24,HCGO,HCGO,28799
24,HCGO,HCO,394
24,HCGO,HG,259
24,HCGO,HGO,278
24,HCGO,HO,130
24,HCGO,O,9462
24,HCO,C,39
24,HCO,CG,3
24,HCO,CO,2
24,HCO,G,124
24,HCO,GO,4
24,HCO,H,41
24,HCO,HC,27
24,HCO,HCG,67
24,HCO,HCGO,410
24,HCO,HCO,32
24,HCO,HG,4
24,HCO,HGO,5
24,HCO,O,132
24,HG,C,74
24,HG,CG,5
24,HG,CO,21
24,HG,G,41
24,HG,GO,1
24,HG,H,31
24,HG,HC,5
24,HG,HCG,42
24,HG,HCGO,271
24,HG,HCO,3
24,HG,HG,40
24,HG,HGO,9
24,HG,HO,2
24,HG,O,108
24,HGO,C,99
24,HGO,CG,6
24,HGO,CGO,1
24,HGO,CO,3
24,HGO,G,38
24,HGO,GO,4
24,HGO,H,37
24,HGO,HC,7
24,HGO,HCG,36
24,HGO,HCGO,282
24,HGO,HCO,3
24,HGO,HG,15
24,HGO,HGO,56
24,HGO,HO,4
24,HGO,O,99
24,HO,C,21
24,HO,CG,5
24,HO,CGO,1
24,HO,CO,2
24,HO,G,27
24,HO,GO,2
24,HO,H,21
24,HO,HC,6
24,HO,HCG,20
24,HO,HCGO,120
24,HO,HCO,2
24,HO,HG,1
24,HO,HGO,1
24,HO,HO,1
24,HO,O,51
24,O,C,1166
24,O,CG,89
24,O,CGO,78
24,O,CO,57
24,O,G,1544
24,O,GO,97
24,O,H,1014
24,O,HC,370
24,O,HCG,1859
24,O,HCGO,9574
24,O,HCO,137
24,O,HG,120
24,O,HGO,118
24,O,HO,36
24,O,O,4069
259,C,C,404
259,C,CG,24
259,C,CGO,21
259,C,CO,16
259,C,G,328
259,C,GO,13
259,C,H,256
259,C,HC,67
259,C,HCG,369
259,C,HCGO,1952
259,C,HCO,25
259,C,HG,47
259,C,HGO,57
259,C,HO,15
259,C,O,695
259,CG,C,19
259,CG,CG,4
259,CG,CO,2
259,CG,G,27
259,CG,H,16
259,CG,HC,5
259,CG,HCG,21
259,CG,HCGO,117
259,CG,HCO,6
259,CG,HG,2
259,CG,HGO,2
259,CG,HO,3
259,CG,O,52
259,CGO,C,27
259,CGO,CG,2
259,CGO,CGO,1
259,CGO,CO,3
259,CGO,G,23
259,CGO,GO,2
259,CGO,H,21
259,CGO,HC,6
259,CGO,HCG,28
259,CGO,HCGO,135
259,CGO,HCO,2
259,CGO,HG,1
259,CGO,HGO,2
259,CGO,HO,1
259,CGO,O,58
259,CO,C,24
259,CO,CG,1
259,CO,CGO,1
259,CO,CO,11
259,CO,G,17
259,CO,H,9
259,CO,HC,3
259,CO,HCG,18
259,CO,HCGO,80
259,CO,HCO,5
259,CO,HG,6
259,CO,HGO,1
259,CO,O,51
259,G,C,295
259,G,CG,26
259,G,CGO,26
259,G,CO,11
259,G,G,725
259,G,GO,29
259,G,H,286
259,G,HC,97
259,G,HCG,428
259,G,HCGO,2558
259,G,HCO,65
259,G,HG,21
259,G,HGO,34
259,G,HO,10
259,G,O,929
259,GO,C,28
259,GO,CG,2
259,GO,CGO,1
259,GO,G,33
259,GO,GO,2
259,GO,H,19
259,GO,HC,5
259,GO,HCG,30
259,GO,HCGO,134
259,GO,HCO,4
259,GO,HO,3
259,GO,O,51
259,H,C,212
259,H,CG,17
259,H,CGO,13
259,H,CO,7
259,H,G,299
259,H,GO,32
259,H,H,211
259,H,HC,62
259,H,HCG,341
259,H,HCGO,1754
259,H,HCO,22
259,H,HG,22
259,H,HGO,26
259,H,HO,5
259,H,O,601
259,HC,C,70
259,HC,CG,6
259,HC,CGO,3
259,HC,CO,4
259,HC,G,114
259,HC,GO,8
259,HC,H,61
259,HC,HC,38
259,HC,HCG,81
259,HC,HCGO,616
259,HC,HCO,13
259,HC,HG,4
259,HC,HGO,8
259,HC,HO,2
259,HC,O,226
259,HCG,C,360
259,HCG,CG,37
259,HCG,CGO,20
259,HCG,CO,11
259,HCG,G,469
259,HCG,GO,29
259,HCG,H,300
259,HCG,HC,108
259,HCG,HCG,656
259,HCG,HCGO,3040
259,HCG,HCO,39
259,HCG,HG,26
259,HCG,HGO,30
259,HCG,HO,23
259,HCG,O,1151
259,HCGO,C,2050
259,HCGO,CG,171
259,HCGO,CGO,156
259,HCGO,CO,88
259,HCGO,G,2705
259,HCGO,GO,154
259,HCGO,H,1807
259,HCGO,HC,600
259,HCGO,HCG,3135
259,HCGO,HCGO,17224
259,HCGO,HCO,239
259,HCGO,HG,147
259,HCGO,HGO,182
259,HCGO,HO,61
259,HCGO,O,5725
259,HCO,C,17
259,HCO,CGO,3
259,HCO,CO,2
259,HCO,G,38
259,HCO,GO,2
259,HCO,H,36
259,HCO,HC,17
259,HCO,HCG,42
259,HCO,HCGO,237
259,HCO,HCO,13
259,HCO,HG,3
259,HCO,HGO,2
259,HCO,O,72
259,HG,C,28
259,HG,CG,3
259,HG,CGO,3
259,HG,CO,6
259,HG,G,32
259,HG,GO,1
259,HG,H,11
259,HG,HC,1
259,HG,HCG,23
259,HG,HCGO,156
259,HG,HCO,3
259,HG,HG,24
259,HG,HGO,6
259,HG,HO,1
259,HG,O,67
259,HGO,C,54
259,HGO,CG,3
259,HGO,CGO,4
259,HGO,CO,4
259,HGO,G,34
259,HGO,GO,1
259,HGO,H,17
259,HGO,HC,5
259,HGO,HCG,26
259,HGO,HCGO,169
259,HGO,HCO,4
259,HGO,HG,10
259,HGO,HGO,26
259,HGO,HO,1
259,HGO,O,67
259,HO,C,11
259,HO,CG,5
259,HO,CGO,1
259,HO,G,16
259,HO,GO,2
259,HO,H,8
259,HO,HC,5
259,HO,HCG,13
259,HO,HCGO,81
259,HO,HCO,1
259,HO,HGO,3
259,HO,HO,1
259,HO,O,29
259,O,C,715
259,O,CG,43
259,O,CGO,57
259,O,CO,46
259,O,G,956
259,O,GO,55
259,O,H,615
259,O,HC,190
259,O,HCG,1189
259,O,HCGO,5830
259,O,HCO,68
259,O,HG,65
259,O,HGO,64
259,O,HO,31
259,O,O,2246
2807,C,C,227
2807,C,CG,5
2807,C,CGO,9
2807,C,CO,16
2807,C,G,180
2807,C,GO,12
2807,C,H,141
2807,C,HC,44
2807,C,HCG,218
2807,C,HCGO,1240
2807,C,HCO,19
2807,C,HG,21
2807,C,HGO,22
2807,C,HO,4
2807,C,O,461
2807,CG,C,8
2807,CG,CG,1
2807,CG,CGO,1
2807,CG,CO,1
2807,CG,G,9
2807,CG,H,11
2807,CG,HC,6
2807,CG,HCG,16
2807,CG,HCGO,71
2807,CG,HCO,1
2807,CG,HG,1
2807,CG,O,38
2807,CGO,C,8
2807,CGO,CG,1
2807,CGO,G,10
2807,CGO,GO,1
2807,CGO,H,12
2807,CGO,HC,6
2807,CGO,HCG,14
2807,CGO,HCGO,88
2807,CGO,HCO,3
2807,CGO,O,27
2807,CO,C,8
2807,CO,CGO,1
2807,CO,CO,2
2807,CO,G,8
2807,CO,H,4
2807,CO,HC,2
2807,CO,HCG,10
2807,CO,HCGO,50
2807,CO,HG,5
2807,CO,O,24
2807,G,C,196
2807,G,CG,8
2807,G,CGO,14
2807,G,CO,9
2807,G,G,241
2807,G,GO,15
2807,G,H,174
2807,G,HC,62
2807,G,HCG,307
2807,G,HCGO,1588
2807,G,HCO,20
2807,G,HG,16
2807,G,HGO,17
2807,G,HO,12
2807,G,O,576
2807,GO,C,8
2807,GO,CGO,1
2807,GO,CO,2
2807,GO,G,15
2807,GO,H,7
2807,GO,HC,7
2807,GO,HCG,18
2807,GO,HCGO,90
2807,GO,HCO,2
2807,GO,HG,1
2807,GO,HO,1
2807,GO,O,37
2807,H,C,139
2807,H,CG,9
2807,H,CGO,9
2807,H,CO,3
2807,H,G,170
2807,H,GO,13
2807,H,H,124
2807,H,HC,41
2807,H,HCG,182
2807,H,HCGO,1114
2807,H,HCO,17
2807,H,HG,14
2807,H,HGO,8
2807,H,HO,3
2807,H,O,406
2807,HC,C,40
2807,HC,CG,4
2807,HC,CGO,2
2807,HC,G,59
2807,HC,GO,4
2807,HC,H,38
2807,HC,HC,19
2807,HC,HCG,69
2807,HC,HCGO,356
2807,HC,HCO,7
2807,HC,HG,1
2807,HC,HGO,1
2807,HC,HO,1
2807,HC,O,109
2807,HCG,C,252
2807,HCG,CG,17
2807,HCG,CGO,13
2807,HCG,CO,9
2807,HCG,G,320
2807,HCG,GO,22
2807,HCG,H,214
2807,HCG,HC,76
2807,HCG,HCG,370
2807,HCG,HCGO,1896
2807,HCG,HCO,33
2807,HCG,HG,14
2807,HCG,HGO,23
2807,HCG,HO,12
2807,HCG,O,673
2807,HCGO,C,1209
2807,HCGO,CG,78
2807,HCGO,CGO,92
2807,HCGO,CO,47
2807,HCGO,G,1532
2807,HCGO,GO,84
2807,HCGO,H,1110
2807,HCGO,HC,368
2807,HCGO,HCG,1896
2807,HCGO,HCGO,10313
2807,HCGO,HCO,150
2807,HCGO,HG,103
2807,HCGO,HGO,87
2807,HCGO,HO,43
2807,HCGO,O,3686
2807,HCO,C,16
2807,HCO,CGO,1
2807,HCO,CO,1
2807,HCO,G,23
2807,HCO,GO,3
2807,HCO,H,14
2807,HCO,HC,6
2807,HCO,HCG,25
2807,HCO,HCGO,147
2807,HCO,HCO,5
2807,HCO,HG,2
2807,HCO,HGO,2
2807,HCO,O,49
2807,HG,C,18
2807,HG,G,14
2807,HG,GO,3
2807,HG,H,10
2807,HG,HC,3
2807,HG,HCG,18
2807,HG,HCGO,97
2807,HG,HCO,2
2807,HG,HG,5
2807,HG,HGO,5
2807,HG,HO,1
2807,HG,O,35
2807,HGO,C,26
2807,HGO,CG,4
2807,HGO,CGO,1
2807,HGO,CO,1
2807,HGO,G,24
2807,HGO,GO,2
2807,HGO,H,14
2807,HGO,HC,6
2807,HGO,HCG,20
2807,HGO,HCGO,91
2807,HGO,HCO,3
2807,HGO,HG,6
2807,HGO,HGO,6
2807,HGO,HO,1
2807,HGO,O,42
2807,HO,C,6
2807,HO,G,8
2807,HO,H,7
2807,HO,HC,1
2807,HO,HCG,12
2807,HO,HCGO,55
2807,HO,HG,2
2807,HO,O,22
2807,O,C,419
2807,O,CG,33
2807,O,CGO,26
2807,O,CO,29
2807,O,G,561
2807,O,GO,28
2807,O,H,416
2807,O,HC,151
2807,O,HCG,694
2807,O,HCGO,3655
2807,O,HCO,51
2807,O,HG,36
2807,O,HGO,25
2807,O,HO,18
2807,O,O,1347
3,C,C,1437
3,C,CG,39
3,C,CGO,25
3,C,CO,50
3,C,G,553
3,C,GO,32
3,C,H,385
3,C,HC,120
3,C,HCG,653
3,C,HCGO,3453
3,C,HCO,48
3,C,HG,71
3,C,HGO,132
3,C,HO,23
3,C,O,1340
3,CG,C,37
3,CG,CG,20
3,CG,CGO,13
3,CG,CO,1
3,CG,G,46
3,CG,GO,5
3,CG,H,48
3,CG,HC,5
3,CG,HCG,54
3,CG,HCGO,257
3,CG,HCO,1
3,CG,HG,3
3,CG,HO,7
3,CG,O,99
3,CGO,C,34
3,CGO,CG,2
3,CGO,CGO,12
3,CGO,CO,1
3,CGO,G,38
3,CGO,GO,2
3,CGO,H,36
3,CGO,HC,5
3,CGO,HCG,47
3,CGO,HCGO,252
3,CGO,HCO,5
3,CGO,HG,3
3,CGO,HGO,2
3,CGO,HO,2
3,CGO,O,92
3,CO,C,54
3,CO,CG,2
3,CO,CGO,1
3,CO,CO,61
3,CO,G,31
3,CO,H,23
3,CO,HC,7
3,CO,HCG,29
3,CO,HCGO,168
3,CO,HCO,1
3,CO,HG,26
3,CO,HGO,9
3,CO,HO,1
3,CO,O,61
3,G,C,600
3,G,CG,38
3,G,CGO,34
3,G,CO,23
3,G,G,1863
3,G,GO,75
3,G,H,510
3,G,HC,250
3,G,HCG,816
3,G,HCGO,4501
3,G,HCO,131
3,G,HG,57
3,G,HGO,54
3,G,HO,26
3,G,O,1628
3,GO,C,34
3,GO,CG,1
3,GO,CGO,5
3,GO,G,51
3,GO,GO,11
3,GO,H,31
3,GO,HC,19
3,GO,HCG,33
3,GO,HCGO,248
3,GO,HCO,7
3,GO,HG,1
3,GO,HGO,1
3,GO,O,90
3,H,C,407
3,H,CG,46
3,H,CGO,30
3,H,CO,17
3,H,G,463
3,H,GO,23
3,H,H,471
3,H,HC,109
3,H,HCG,571
3,H,HCGO,3088
3,H,HCO,39
3,H,HG,29
3,H,HGO,37
3,H,HO,19
3,H,O,1098
3,HC,C,116
3,HC,CG,2
3,HC,CGO,9
3,HC,CO,8
3,HC,G,211
3,HC,GO,12
3,HC,H,96
3,HC,HC,136
3,HC,HCG,179
3,HC,HCGO,1032
3,HC,HCO,36
3,HC,HG,2
3,HC,HGO,6
3,HC,HO,3
3,HC,O,378
3,HCG,C,626
3,HCG,CG,52
3,HCG,CGO,49
3,HCG,CO,27
3,HCG,G,847
3,HCG,GO,33
3,HCG,H,631
3,HCG,HC,159
3,HCG,HCG,1467
3,HCG,HCGO,5422
3,HCG,HCO,64
3,HCG,HG,42
3,HCG,HGO,55
3,HCG,HO,25
3,HCG,O,2145
3,HCGO,C,3446
3,HCGO,CG,243
3,HCGO,CGO,252
3,HCGO,CO,131
3,HCGO,G,4528
3,HCGO,GO,244
3,HCGO,H,3100
3,HCGO,HC,1057
3,HCGO,HCG,5468
3,HCGO,HCGO,33232
3,HCGO,HCO,381
3,HCGO,HG,314
3,HCGO,HGO,293
3,HCGO,HO,140
3,HCGO,O,10415
3,HCO,C,45
3,HCO,CG,2
3,HCO,CGO,4
3,HCO,CO,3
3,HCO,G,136
3,HCO,GO,3
3,HCO,H,37
3,HCO,HC,34
3,HCO,HCG,70
3,HCO,HCGO,408
3,HCO,HCO,50
3,HCO,HG,7
3,HCO,HGO,5
3,HCO,HO,1
3,HCO,O,149
3,HG,C,68
3,HG,CG,4
3,HG,CGO,2
3,HG,CO,21
3,HG,G,46
3,HG,GO,3
3,HG,H,35
3,HG,HC,3
3,HG,HCG,49
3,HG,HCGO,280
3,HG,HCO,4
3,HG,HG,51
3,HG,HGO,20
3,HG,HO,5
3,HG,O,110
3,HGO,C,113
3,HGO,CG,3
3,HGO,CGO,2
3,HGO,CO,5
3,HGO,G,56
3,HGO,GO,4
3,HGO,H,28
3,HGO,HC,15
3,HGO,HCG,57
3,HGO,HCGO,313
3,HGO,HCO,5
3,HGO,HG,12
3,HGO,HGO,102
3,HGO,HO,3
3,HGO,O,114
3,HO,C,16
3,HO,CG,3
3,HO,CGO,1
3,HO,CO,3
3,HO,G,29
3,HO,GO,4
3,HO,H,14
3,HO,HC,3
3,HO,HCG,23
3,HO,HCGO,127
3,HO,HCO,3
3,HO,HGO,1
3,HO,HO,6
3,HO,O,43
3,O,C,1261
3,O,CG,94
3,O,CGO,87
3,O,CO,70
3,O,G,1652
3,O,GO,83
3,O,H,1144
3,O,HC,387
3,O,HCG,2086
3,O,HCGO,10480
3,O,HCO,139
3,O,HG,114
3,O,HGO,124
3,O,HO,48
3,O,O,5293
30392,C,C,133
30392,C,CG,11
30392,C,CGO,6
30392,C,CO,7
30392,C,G,166
30392,C,GO,13
30392,C,H,134
30392,C,HC,28
30392,C,HCG,188
30392,C,HCGO,997
30392,C,HCO,12
30392,C,HG,5
30392,C,HGO,7
30392,C,HO,7
30392,C,O,367
30392,CG,C,7
30392,CG,CG,1
30392,CG,CGO,2
30392,CG,G,9
30392,CG,GO,2
30392,CG,H,7
30392,CG,HC,2
30392,CG,HCG,10
30392,CG,HCGO,69
30392,CG,HCO,2
30392,CG,HG,2
30392,CG,HO,1
30392,CG,O,32
30392,CGO,C,11
30392,CGO,CO,1
30392,CGO,G,11
30392,CGO,H,14
30392,CGO,HC,1
30392,CGO,HCG,11
30392,CGO,HCGO,61
30392,CGO,HCO,1
30392,CGO,HGO,1
30392,CGO,O,30
30392,CO,C,8
30392,CO,CGO,1
30392,CO,G,13
30392,CO,H,11
30392,CO,HC,2
30392,CO,HCG,11
30392,CO,HCGO,46
30392,CO,HCO,1
30392,CO,O,16
30392,G,C,159
30392,G,CG,13
30392,G,CGO,2
30392,G,CO,6
30392,G,G,204
30392,G,GO,11
30392,G,H,143
30392,G,HC,43
30392,G,HCG,233
30392,G,HCGO,1252
30392,G,HCO,21
30392,G,HG,11
30392,G,HGO,16
30392,G,HO,10
30392,G,O,472
30392,GO,C,6
30392,GO,CO,1
30392,GO,G,6
30392,GO,GO,1
30392,GO,H,3
30392,GO,HC,2
30392,GO,HCG,16
30392,GO,HCGO,67
30392,GO,HCO,1
30392,GO,HGO,1
30392,GO,O,17
30392,H,C,109
30392,H,CG,8
30392,H,CGO,10
30392,H,CO,5
30392,H,G,150
30392,H,GO,6
30392,H,H,101
30392,H,HC,41
30392,H,HCG,156
30392,H,HCGO,908
30392,H,HCO,15
30392,H,HG,7
30392,H,HGO,7
30392,H,HO,3
30392,H,O,329
30392,HC,C,29
30392,HC,CG,3
30392,HC,CGO,2
30392,HC,CO,1
30392,HC,G,47
30392,HC,GO,4
30392,HC,H,33
30392,HC,HC,11
30392,HC,HCG,47
30392,HC,HCGO,288
30392,HC,HCO,1
30392,HC,HG,3
30392,HC,HGO,4
30392,HC,HO,1
30392,HC,O,110
30392,HCG,C,206
30392,HCG,CG,19
30392,HCG,CGO,12
30392,HCG,CO,7
30392,HCG,G,237
30392,HCG,GO,11
30392,HCG,H,139
30392,HCG,HC,47
30392,HCG,HCG,306
30392,HCG,HCGO,1528
30392,HCG,HCO,18
30392,HCG,HG,14
30392,HCG,HGO,19
30392,HCG,HO,6
30392,HCG,O,546
30392,HCGO,C,985
30392,HCGO,CG,73
30392,HCGO,CGO,65
30392,HCGO,CO,39
30392,HCGO,G,1292
30392,HCGO,GO,61
30392,HCGO,H,908
30392,HCGO,HC,302
30392,HCGO,HCG,1589
30392,HCGO,HCGO,8146
30392,HCGO,HCO,107
30392,HCGO,HG,66
30392,HCGO,HGO,81
30392,HCGO,HO,28
30392,HCGO,O,2869
30392,HCO,C,14
30392,HCO,CG,2
30392,HCO,CGO,2
30392,HCO,CO,3
30392,HCO,G,19
30392,HCO,GO,1
30392,HCO,H,13
30392,HCO,HC,8
30392,HCO,HCG,17
30392,HCO,HCGO,122
30392,HCO,HCO,1
30392,HCO,HGO,1
30392,HCO,O,50
30392,HG,C,8
30392,HG,G,10
30392,HG,H,7
30392,HG,HC,3
30392,HG,HCG,7
30392,HG,HCGO,77
30392,HG,HGO,1
30392,HG,HO,1
30392,HG,O,24
30392,HGO,C,13
30392,HGO,CG,2
30392,HGO,CGO,1
30392,HGO,CO,1
30392,HGO,G,22
30392,HGO,GO,1
30392,HGO,H,3
30392,HGO,HC,2
30392,HGO,HCG,17
30392,HGO,HCGO,79
30392,HGO,HG,1
30392,HGO,HGO,1
30392,HGO,HO,1
30392,HGO,O,36
30392,HO,C,6
30392,HO,CG,1
30392,HO,CGO,2
30392,HO,G,9
30392,HO,H,6
30392,HO,HC,2
30392,HO,HCG,10
30392,HO,HCGO,40
30392,HO,O,16
30392,O,C,330
30392,O,CG,18
30392,O,CGO,27
30392,O,CO,18
30392,O,G,458
30392,O,GO,29
30392,O,H,313
30392,O,HC,108
30392,O,HCG,526
30392,O,HCGO,2858
30392,O,HCO,45
30392,O,HG,22
30392,O,HGO,30
30392,O,HO,15
30392,O,O,1010
36,C,C,865
36,C,CG,39
36,C,CGO,27
36,C,CO,43
36,C,G,504
36,C,GO,25
36,C,H,390
36,C,HC,86
36,C,HCG,578
36,C,HCGO,3121
36,C,HCO,45
36,C,HG,64
36,C,HGO,116
36,C,HO,19
36,C,O,1122
36,CG,C,32
36,CG,CG,13
36,CG,CGO,6
36,CG,G,45
36,CG,H,32
36,CG,HC,5
36,CG,HCG,46
36,CG,HCGO,240
36,CG,HCO,1
36,CG,HG,1
36,CG,HGO,2
36,CG,HO,4
36,CG,O,79
36,CGO,C,31
36,CGO,CG,1
36,CGO,CGO,1
36,CGO,CO,4
36,CGO,G,37
36,CGO,GO,3
36,CGO,H,25
36,CGO,HC,6
36,CGO,HCG,39
36,CGO,HCGO,206
36,CGO,HCO,1
36,CGO,HG,3
36,CGO,HGO,3
36,CGO,O,84
36,CO,C,49
36,CO,CG,3
36,CO,CGO,3
36,CO,CO,28
36,CO,G,26
36,CO,GO,1
36,CO,H,15
36,CO,HC,11
36,CO,HCG,26
36,CO,HCGO,134
36,CO,HCO,6
36,CO,HG,20
36,CO,HGO,3
36,CO,HO,1
36,CO,O,64
36,G,C,465
36,G,CG,43
36,G,CGO,38
36,G,CO,25
36,G,G,1430
36,G,GO,48
36,G,H,391
36,G,HC,164
36,G,HCG,783
36,G,HCGO,4092
36,G,HCO,116
36,G,HG,39
36,G,HGO,45
36,G,HO,24
36,G,O,1464
36,GO,C,22
36,GO,CG,1
36,GO,G,49
36,GO,GO,7
36,GO,H,19
36,GO,HC,23
36,GO,HCG,31
36,GO,HCGO,214
36,GO,HCO,7
36,GO,HG,1
36,GO,HGO,3
36,GO,HO,2
36,GO,O,91
36,H,C,356
36,H,CG,25
36,H,CGO,30
36,H,CO,17
36,H,G,436
36,H,GO,19
36,H,H,356
36,H,HC,98
36,H,HCG,540
36,H,HCGO,2802
36,H,HCO,23
36,H,HG,34
36,H,HGO,43
36,H,HO,14
36,H,O,990
36,HC,C,117
36,HC,CG,5
36,HC,CGO,7
36,HC,CO,4
36,HC,G,178
36,HC,GO,10
36,HC,H,95
36,HC,HC,66
36,HC,HCG,160
36,HC,HCGO,918
36,HC,HCO,22
36,HC,HG,10
36,HC,HGO,8
36,HC,HO,4
36,HC,O,348
36,HCG,C,605
36,HCG,CG,43
36,HCG,CGO,39
36,HCG,CO,17
36,HCG,G,718
36,HCG,GO,36
36,HCG,H,513
36,HCG,HC,181
36,HCG,HCG,1060
36,HCG,HCGO,4847
36,HCG,HCO,66
36,HCG,HG,35
36,HCG,HGO,46
36,HCG,HO,21
36,HCG,O,1798
36,HCGO,C,3086
36,HCGO,CG,217
36,HCGO,CGO,207
36,HCGO,CO,140
36,HCGO,G,4009
36,HCGO,GO,227
36,HCGO,H,2819
36,HCGO,HC,889
36,HCGO,HCG,4778
36,HCGO,HCGO,27593
36,HCGO,HCO,390
36,HCGO,HG,267
36,HCGO,HGO,250
36,HCGO,HO,123
36,HCGO,O,9155
36,HCO,C,49
36,HCO,CG,1
36,HCO,CGO,2
36,HCO,CO,4
36,HCO,G,119
36,HCO,GO,3
36,HCO,H,37
36,HCO,HC,16
36,HCO,HCG,59
36,HCO,HCGO,378
36,HCO,HCO,31
36,HCO,HG,2
36,HCO,HGO,5
36,HCO,HO,4
36,HCO,O,139
36,HG,C,69
36,HG,CG,3
36,HG,CGO,3
36,HG,CO,22
36,HG,G,43
36,HG,GO,1
36,HG,H,41
36,HG,HC,3
36,HG,HCG,40
36,HG,HCGO,283
36,HG,HCO,4
36,HG,HG,34
36,HG,HGO,17
36,HG,O,108
36,HGO,C,90
36,HGO,CG,3
36,HGO,CGO,5
36,HGO,CO,2
36,HGO,G,49
36,HGO,GO,1
36,HGO,H,31
36,HGO,HC,8
36,HGO,HCG,50
36,HGO,HCGO,265
36,HGO,HCO,1
36,HGO,HG,13
36,HGO,HGO,47
36,HGO,HO,1
36,HGO,O,88
36,HO,C,15
36,HO,CG,4
36,HO,CGO,2
36,HO,CO,2
36,HO,G,23
36,HO,H,12
36,HO,HC,5
36,HO,HCG,21
36,HO,HCGO,115
36,HO,HCO,3
36,HO,HG,1
36,HO,HGO,2
36,HO,HO,1
36,HO,O,44
36,O,C,1039
36,O,CG,74
36,O,CGO,75
36,O,CO,61
36,O,G,1416
36,O,GO,79
36,O,H,978
36,O,HC,341
36,O,HCG,1859
36,O,HCGO,9134
36,O,HCO,128
36,O,HG,97
36,O,HGO,113
36,O,HO,49
36,O,O,3921
386,C,C,339
386,C,CG,15
386,C,CGO,13
386,C,CO,20
386,C,G,289
386,C,GO,14
386,C,H,221
386,C,HC,73
386,C,HCG,320
386,C,HCGO,1823
386,C,HCO,24
386,C,HG,34
386,C,HGO,45
386,C,HO,15
386,C,O,649
386,CG,C,16
386,CG,CG,5
386,CG,CGO,2
386,CG,CO,1
386,CG,G,17
386,CG,GO,6
386,CG,H,15
386,CG,HC,5
386,CG,HCG,20
386,CG,HCGO,134
386,CG,HGO,1
386,CG,HO,2
386,CG,O,48
386,CGO,C,11
386,CGO,CG,3
386,CGO,CGO,1
386,CGO,CO,1
386,CGO,G,13
386,CGO,GO,2
386,CGO,H,10
386,CGO,HC,6
386,CGO,HCG,24
386,CGO,HCGO,110
386,CGO,HCO,1
386,CGO,HG,1
386,CGO,HGO,3
386,CGO,HO,1
386,CGO,O,41
386,CO,C,15
386,CO,CGO,1
386,CO,CO,5
386,CO,G,19
386,CO,GO,3
386,CO,H,8
386,CO,HC,1
386,CO,HCG,12
386,CO,HCGO,74
386,CO,HG,1
386,CO,HGO,1
386,CO,O,36
386,G,C,308
386,G,CG,27
386,G,CGO,16
386,G,CO,14
386,G,G,619
386,G,GO,33
386,G,H,245
386,G,HC,115
386,G,HCG,434
386,G,HCGO,2232
386,G,HCO,49
386,G,HG,26
386,G,HGO,20
386,G,HO,10
386,G,O,838
386,GO,C,19
386,GO,CGO,1
386,GO,G,30
386,GO,GO,4
386,GO,H,9
386,GO,HC,7
386,GO,HCG,32
386,GO,HCGO,117
386,GO,HCO,1
386,GO,HG,1
386,GO,HGO,2
386,GO,O,42
386,H,C,195
386,H,CG,12
386,H,CGO,14
386,H,CO,10
386,H,G,255
386,H,GO,18
386,H,H,175
386,H,HC,53
386,H,HCG,298
386,H,HCGO,1653
386,H,HCO,33
386,H,HG,10
386,H,HGO,19
386,H,HO,11
386,H,O,564
386,HC,C,33
386,HC,CG,4
386,HC,CGO,2
386,HC,CO,2
386,HC,G,102
386,HC,GO,8
386,HC,H,48
386,HC,HC,24
386,HC,HCG,110
386,HC,HCGO,553
386,HC,HCO,9
386,HC,HG,4
386,HC,HGO,7
386,HC,O,165
386,HCG,C,309
386,HCG,CG,17
386,HCG,CGO,20
386,HCG,CO,8
386,HCG,G,428
386,HCG,GO,34
386,HCG,H,299
386,HCG,HC,105
386,HCG,HCG,575
386,HCG,HCGO,2827
386,HCG,HCO,33
386,HCG,HG,22
386,HCG,HGO,28
386,HCG,HO,13
386,HCG,O,1029
386,HCGO,C,1825
386,HCGO,CG,131
386,HCGO,CGO,124
386,HCGO,CO,62
386,HCGO,G,2320
386,HCGO,GO,131
386,HCGO,H,1643
386,HCGO,HC,510
386,HCGO,HCG,2826
386,HCGO,HCGO,15308
386,HCGO,HCO,202
386,HCGO,HG,156
386,HCGO,HGO,163
386,HCGO,HO,60
386,HCGO,O,5212
386,HCO,C,22
386,HCO,CG,2
386,HCO,CGO,2
386,HCO,G,48
386,HCO,GO,3
386,HCO,H,24
386,HCO,HC,7
386,HCO,HCG,31
386,HCO,HCGO,220
386,HCO,HCO,5
386,HCO,HG,1
386,HCO,HGO,1
386,HCO,O,66
386,HG,C,39
386,HG,CGO,5
386,HG,CO,4
386,HG,G,27
386,HG,GO,2
386,HG,H,12
386,HG,HC,4
386,HG,HCG,23
386,HG,HCGO,137
386,HG,HCO,3
386,HG,HG,10
386,HG,HGO,5
386,HG,O,63
386,HGO,C,49
386,HGO,CG,1
386,HGO,CGO,3
386,HGO,CO,5
386,HGO,G,28
386,HGO,GO,2
386,HGO,H,23
386,HGO,HC,2
386,HGO,HCG,29
386,HGO,HCGO,154
386,HGO,HCO,1
386,HGO,HG,6
386,HGO,HGO,9
386,HGO,O,52
386,HO,C,11
386,HO,CO,2
386,HO,G,14
386,HO,GO,1
386,HO,H,10
386,HO,HC,1
386,HO,HCG,12
386,HO,HCGO,72
386,HO,HG,1
386,HO,HO,3
386,HO,O,23
386,O,C,685
386,O,CG,50
386,O,CGO,45
386,O,CO,31
386,O,G,874
386,O,GO,38
386,O,H,572
386,O,HC,189
386,O,HCG,1035
386,O,HCGO,5242
386,O,HCO,77
386,O,HG,59
386,O,HGO,67
386,O,HO,28
386,O,O,2017
4175,C,C,168
4175,C,CG,11
4175,C,CGO,17
4175,C,CO,10
4175,C,G,166
4175,C,GO,6
4175,C,H,115
4175,C,HC,42
4175,C,HCG,215
4175,C,HCGO,1142
4175,C,HCO,13
4175,C,HG,22
4175,C,HGO,15
4175,C,HO,3
4175,C,O,440
4175,CG,C,4
4175,CG,CGO,1
4175,CG,G,16
4175,CG,GO,1
4175,CG,H,11
4175,CG,HC,1
4175,CG,HCG,14
4175,CG,HCGO,90
4175,CG,HG,1
4175,CG,HGO,1
4175,CG,HO,1
4175,CG,O,36
4175,CGO,C,7
4175,CGO,G,13
4175,CGO,GO,1
4175,CGO,H,8
4175,CGO,HCG,9
4175,CGO,HCGO,88
4175,CGO,HCO,1
4175,CGO,HG,1
4175,CGO,HGO,2
4175,CGO,HO,1
4175,CGO,O,39
4175,CO,C,9
4175,CO,CO,3
4175,CO,G,6
4175,CO,H,6
4175,CO,HC,4
4175,CO,HCG,8
4175,CO,HCGO,48
4175,CO,HCO,1
4175,CO,HG,5
4175,CO,HGO,4
4175,CO,O,27
4175,G,C,200
4175,G,CG,13
4175,G,CGO,15
4175,G,CO,10
4175,G,G,231
4175,G,GO,16
4175,G,H,184
4175,G,HC,52
4175,G,HCG,281
4175,G,HCGO,1526
4175,G,HCO,12
4175,G,HG,9
4175,G,HGO,19
4175,G,HO,4
4175,G,O,525
4175,GO,C,10
4175,GO,CGO,1
4175,GO,CO,1
4175,GO,G,10
4175,GO,H,13
4175,GO,HC,6
4175,GO,HCG,14
4175,GO,HCGO,83
4175,GO,HCO,5
4175,GO,HG,1
4175,GO,HGO,1
4175,GO,O,19
4175,H,C,130
4175,H,CG,6
4175,H,CGO,9
4175,H,CO,9
4175,H,G,154
4175,H,GO,9
4175,H,H,115
4175,H,HC,56
4175,H,HCG,217
4175,H,HCGO,1054
4175,H,HCO,11
4175,H,HG,10
4175,H,HGO,6
4175,H,HO,3
4175,H,O,396
4175,HC,C,46
4175,HC,CG,4
4175,HC,CGO,3
4175,HC,CO,1
4175,HC,G,58
4175,HC,GO,1
4175,HC,H,37
4175,HC,HC,11
4175,HC,HCG,67
4175,HC,HCGO,366
4175,HC,HCO,8
4175,HC,HG,5
4175,HC,HGO,2
4175,HC,HO,2
4175,HC,O,112
4175,HCG,C,220
4175,HCG,CG,12
4175,HCG,CGO,13
4175,HCG,CO,6
4175,HCG,G,254
4175,HCG,GO,14
4175,HCG,H,178
4175,HCG,HC,76
4175,HCG,HCG,343
4175,HCG,HCGO,1881
4175,HCG,HCO,12
4175,HCG,HG,18
4175,HCG,HGO,19
4175,HCG,HO,9
4175,HCG,O,650
4175,HCGO,C,1088
4175,HCGO,CG,64
4175,HCGO,CGO,72
4175,HCGO,CO,60
4175,HCGO,G,1622
4175,HCGO,GO,73
4175,HCGO,H,1012
4175,HCGO,HC,355
4175,HCGO,HCG,1799
4175,HCGO,HCGO,9819
4175,HCGO,HCO,134
4175,HCGO,HG,98
4175,HCGO,HGO,91
4175,HCGO,HO,57
4175,HCGO,O,3559
4175,HCO,C,12
4175,HCO,G,27
4175,HCO,GO,2
4175,HCO,H,9
4175,HCO,HC,3
4175,HCO,HCG,22
4175,HCO,HCGO,121
4175,HCO,HCO,1
4175,HCO,HG,1
4175,HCO,O,40
4175,HG,C,19
4175,HG,CG,1
4175,HG,CGO,2
4175,HG,CO,5
4175,HG,G,16
4175,HG,GO,1
4175,HG,H,10
4175,HG,HC,4
4175,HG,HCG,16
4175,HG,HCGO,84
4175,HG,HCO,1
4175,HG,HG,3
4175,HG,HGO,3
4175,HG,O,34
4175,HGO,C,16
4175,HGO,CGO,3
4175,HGO,CO,2
4175,HGO,G,12
4175,HGO,H,14
4175,HGO,HC,10
4175,HGO,HCG,18
4175,HGO,HCGO,80
4175,HGO,HCO,2
4175,HGO,HG,4
4175,HGO,HGO,4
4175,HGO,O,30
4175,HO,C,11
4175,HO,G,10
4175,HO,GO,1
4175,HO,H,4
4175,HO,HC,1
4175,HO,HCG,6
4175,HO,HCGO,46
4175,HO,HCO,3
4175,HO,HG,1
4175,HO,O,15
4175,O,C,443
4175,O,CG,29
4175,O,CGO,29
4175,O,CO,18
4175,O,G,525
4175,O,GO,35
4175,O,H,350
4175,O,HC,133
4175,O,HCG,642
4175,O,HCGO,3533
4175,O,HCO,45
4175,O,HG,24
4175,O,HGO,45
4175,O,HO,14
4175,O,O,1256
45204,C,C,113
45204,C,CG,15
45204,C,CGO,7
45204,C,CO,4
45204,C,G,153
45204,C,GO,10
45204,C,H,111
45204,C,HC,30
45204,C,HCG,166
45204,C,HCGO,954
45204,C,HCO,14
45204,C,HG,9
45204,C,HGO,8
45204,C,HO,5
45204,C,O,331
45204,CG,C,6
45204,CG,CO,1
45204,CG,G,18
45204,CG,H,9
45204,CG,HC,3
45204,CG,HCG,9
45204,CG,HCGO,60
45204,CG,HCO,1
45204,CG,HG,2
45204,CG,O,30
45204,CGO,C,8
45204,CGO,CGO,2
45204,CGO,CO,1
45204,CGO,G,9
45204,CGO,H,8
45204,CGO,HC,1
45204,CGO,HCG,16
45204,CGO,HCGO,55
45204,CGO,HCO,2
45204,CGO,HG,1
45204,CGO,O,23
45204,CO,CG,1
45204,CO,CGO,1
45204,CO,CO,1
45204,CO,G,3
45204,CO,H,3
45204,CO,HC,1
45204,CO,HCG,11
45204,CO,HCGO,42
45204,CO,HCO,1
45204,CO,O,20
45204,G,C,140
45204,G,CG,17
45204,G,CGO,13
45204,G,CO,10
45204,G,G,198
45204,G,GO,14
45204,G,H,127
45204,G,HC,39
45204,G,HCG,272
45204,G,HCGO,1238
45204,G,HCO,9
45204,G,HG,8
45204,G,HGO,13
45204,G,HO,3
45204,G,O,419
45204,GO,C,9
45204,GO,CGO,1
45204,GO,G,15
45204,GO,GO,2
45204,GO,H,6
45204,GO,HC,1
45204,GO,HCG,20
45204,GO,HCGO,58
45204,GO,HCO,1
45204,GO,HGO,3
45204,GO,HO,1
45204,GO,O,20
45204,H,C,111
45204,H,CG,7
45204,H,CGO,4
45204,H,CO,5
45204,H,G,136
45204,H,GO,10
45204,H,H,95
45204,H,HC,24
45204,H,HCG,168
45204,H,HCGO,855
45204,H,HCO,15
45204,H,HG,13
45204,H,HGO,5
45204,H,HO,9
45204,H,O,282
45204,HC,C,28
45204,HC,CG,3
45204,HC,CGO,1
45204,HC,CO,1
45204,HC,G,46
45204,HC,GO,2
45204,HC,H,31
45204,HC,HC,18
45204,HC,HCG,43
45204,HC,HCGO,294
45204,HC,HCO,5
45204,HC,HG,4
45204,HC,HGO,1
45204,HC,HO,4
45204,HC,O,101
45204,HCG,C,163
45204,HCG,CG,17
45204,HCG,CGO,13
45204,HCG,CO,4
45204,HCG,G,249
45204,HCG,GO,16
45204,HCG,H,153
45204,HCG,HC,56
45204,HCG,HCG,294
45204,HCG,HCGO,1459
45204,HCG,HCO,15
45204,HCG,HG,17
45204,HCG,HGO,9
45204,HCG,HO,7
45204,HCG,O,540
45204,HCGO,C,976
45204,HCGO,CG,68
45204,HCGO,CGO,70
45204,HCGO,CO,46
45204,HCGO,G,1329
45204,HCGO,GO,67
45204,HCGO,H,894
45204,HCGO,HC,300
45204,HCGO,HCG,1428
45204,HCGO,HCGO,8071
45204,HCGO,HCO,121
45204,HCGO,HG,66
45204,HCGO,HGO,62
45204,HCGO,HO,37
45204,HCGO,O,2861
45204,HCO,C,15
45204,HCO,CG,2
45204,HCO,G,18
45204,HCO,GO,1
45204,HCO,H,12
45204,HCO,HC,4
45204,HCO,HCG,17
45204,HCO,HCGO,110
45204,HCO,HCO,1
45204,HCO,HGO,1
45204,HCO,O,37
45204,HG,C,7
45204,HG,CGO,1
45204,HG,G,12
45204,HG,GO,1
45204,HG,H,6
45204,HG,HC,1
45204,HG,HCG,6
45204,HG,HCGO,75
45204,HG,HGO,1
45204,HG,O,25
45204,HGO,C,9
45204,HGO,CG,1
45204,HGO,G,11
45204,HGO,H,8
45204,HGO,HC,1
45204,HGO,HCG,16
45204,HGO,HCGO,69
45204,HGO,HGO,2
45204,HGO,HO,1
45204,HGO,O,23
45204,HO,CO,2
45204,HO,G,4
45204,HO,H,3
45204,HO,HC,1
45204,HO,HCG,4
45204,HO,HCGO,33
45204,HO,O,12
45204,O,C,316
45204,O,CG,19
45204,O,CGO,27
45204,O,CO,16
45204,O,G,450
45204,O,GO,25
45204,O,H,309
45204,O,HC,84
45204,O,HCG,544
45204,O,HCGO,2847
45204,O,HCO,41
45204,O,HG,33
45204,O,HGO,22
45204,O,HO,12
45204,O,O,1004
5,C,C,1079
5,C,CG,25
5,C,CGO,29
5,C,CO,46
5,C,G,587
5,C,GO,26
5,C,H,394
5,C,HC,94
5,C,HCG,564
5,C,HCGO,3316
5,C,HCO,38
5,C,HG,70
5,C,HGO,114
5,C,HO,13
5,C,O,1245
5,CG,C,39
5,CG,CG,21
5,CG,CGO,7
5,CG,CO,4
5,CG,G,47
5,CG,GO,2
5,CG,H,41
5,CG,HC,4
5,CG,HCG,53
5,CG,HCGO,235
5,CG,HCO,4
5,CG,HG,3
5,CG,HGO,1
5,CG,HO,2
5,CG,O,79
5,CGO,C,26
5,CGO,CG,5
5,CGO,CGO,7
5,CGO,CO,2
5,CGO,G,50
5,CGO,GO,2
5,CGO,H,21
5,CGO,HC,4
5,CGO,HCG,43
5,CGO,HCGO,239
5,CGO,HCO,5
5,CGO,HG,1
5,CGO,HGO,6
5,CGO,HO,4
5,CGO,O,89
5,CO,C,63
5,CO,CG,2
5,CO,CGO,3
5,CO,CO,54
5,CO,G,27
5,CO,GO,1
5,CO,H,19
5,CO,HC,3
5,CO,HCG,23
5,CO,HCGO,188
5,CO,HG,18
5,CO,HGO,3
5,CO,HO,1
5,CO,O,72
5,G,C,562
5,G,CG,39
5,G,CGO,43
5,G,CO,37
5,G,G,1767
5,G,GO,62
5,G,H,445
5,G,HC,247
5,G,HCG,789
5,G,HCGO,4470
5,G,HCO,157
5,G,HG,39
5,G,HGO,49
5,G,HO,27
5,G,O,1599
5,GO,C,33
5,GO,CG,4
5,GO,CO,1
5,GO,G,62
5,GO,GO,9
5,GO,H,41
5,GO,HC,18
5,GO,HCG,40
5,GO,HCGO,217
5,GO,HCO,1
5,GO,HG,2
5,GO,HGO,4
5,GO,HO,1
5,GO,O,83
5,H,C,368
5,H,CG,45
5,H,CGO,45
5,H,CO,21
5,H,G,505
5,H,GO,35
5,H,H,405
5,H,HC,100
5,H,HCG,568
5,H,HCGO,3028
5,H,HCO,39
5,H,HG,34
5,H,HGO,50
5,H,HO,25
5,H,O,1071
5,HC,C,94
5,HC,CG,3
5,HC,CGO,9
5,HC,CO,3
5,HC,G,234
5,HC,GO,16
5,HC,H,97
5,HC,HC,100
5,HC,HCG,195
5,HC,HCGO,994
5,HC,HCO,24
5,HC,HG,7
5,HC,HGO,5
5,HC,HO,4
5,HC,O,374
5,HCG,C,603
5,HCG,CG,41
5,HCG,CGO,41
5,HCG,CO,27
5,HCG,G,775
5,HCG,GO,43
5,HCG,H,518
5,HCG,HC,164
5,HCG,HCG,1277
5,HCG,HCGO,5310
5,HCG,HCO,58
5,HCG,HG,50
5,HCG,HGO,47
5,HCG,HO,25
5,HCG,O,2087
5,HCGO,C,3298
5,HCGO,CG,221
5,HCGO,CGO,238
5,HCGO,CO,162
5,HCGO,G,4403
5,HCGO,GO,242
5,HCGO,H,3108
5,HCGO,HC,1044
5,HCGO,HCG,5319
5,HCGO,HCGO,31800
5,HCGO,HCO,423
5,HCGO,HG,264
5,HCGO,HGO,276
5,HCGO,HO,129
5,HCGO,O,9951
5,HCO,C,43
5,HCO,CG,5
5,HCO,CGO,3
5,HCO,CO,3
5,HCO,G,129
5,HCO,GO,5
5,HCO,H,29
5,HCO,HC,21
5,HCO,HCG,58
5,HCO,HCGO,432
5,HCO,HCO,32
5,HCO,HG,3
5,HCO,HGO,4
5,HCO,HO,3
5,HCO,O,121
5,HG,C,78
5,HG,CG,2
5,HG,CGO,3
5,HG,CO,22
5,HG,G,44
5,HG,GO,2
5,HG,H,26
5,HG,HC,11
5,HG,HCG,55
5,HG,HCGO,284
5,HG,HCO,1
5,HG,HG,44
5,HG,HGO,15
5,HG,HO,4
5,HG,O,125
5,HGO,C,113
5,HGO,CG,5
5,HGO,CGO,1
5,HGO,CO,2
5,HGO,G,51
5,HGO,GO,2
5,HGO,H,39
5,HGO,HC,10
5,HGO,HCG,52
5,HGO,HCGO,305
5,HGO,HCO,3
5,HGO,HG,20
5,HGO,HGO,64
5,HGO,HO,4
5,HGO,O,104
5,HO,C,19
5,HO,CG,9
5,HO,CGO,2
5,HO,G,18
5,HO,GO,1
5,HO,H,11
5,HO,HC,7
5,HO,HCG,31
5,HO,HCGO,136
5,HO,HG,3
5,HO,HGO,3
5,HO,HO,4
5,HO,O,48
5,O,C,1218
5,O,CG,78
5,O,CGO,87
5,O,CO,67
5,O,G,1592
5,O,GO,86
5,O,H,1093
5,O,HC,342
5,O,HCG,2047
5,O,HCGO,10061
5,O,HCO,147
5,O,HG,108
5,O,HGO,109
5,O,HO,44
5,O,O,4788
53,C,C,710
53,C,CG,24
53,C,CGO,25
53,C,CO,44
53,C,G,493
53,C,GO,29
53,C,H,325
53,C,HC,92
53,C,HCG,502
53,C,HCGO,2962
53,C,HCO,41
53,C,HG,69
53,C,HGO,84
53,C,HO,15
53,C,O,1083
53,CG,C,39
53,CG,CG,17
53,CG,CGO,6
53,CG,CO,2
53,CG,G,38
53,CG,GO,1
53,CG,H,35
53,CG,HC,7
53,CG,HCG,37
53,CG,HCGO,204
53,CG,HCO,4
53,CG,HG,2
53,CG,HGO,2
53,CG,HO,3
53,CG,O,70
53,CGO,C,32
53,CGO,CG,3
53,CGO,CGO,2
53,CGO,CO,3
53,CGO,G,36
53,CGO,GO,3
53,CGO,H,35
53,CGO,HC,2
53,CGO,HCG,38
53,CGO,HCGO,188
53,CGO,HCO,1
53,CGO,HG,3
53,CGO,HGO,1
53,CGO,O,80
53,CO,C,31
53,CO,CG,2
53,CO,CO,30
53,CO,G,25
53,CO,GO,2
53,CO,H,17
53,CO,HC,6
53,CO,HCG,17
53,CO,HCGO,128
53,CO,HCO,7
53,CO,HG,15
53,CO,HGO,3
53,CO,HO,1
53,CO,O,47
53,G,C,536
53,G,CG,28
53,G,CGO,28
53,G,CO,27
53,G,G,1195
53,G,GO,46
53,G,H,443
53,G,HC,174
53,G,HCG,648
53,G,HCGO,3659
53,G,HCO,95
53,G,HG,42
53,G,HGO,41
53,G,HO,14
53,G,O,1398
53,GO,C,15
53,GO,CG,1
53,GO,CGO,2
53,GO,CO,2
53,GO,G,39
53,GO,GO,5
53,GO,H,23
53,GO,HC,12
53,GO,HCG,31
53,GO,HCGO,203
53,GO,HCO,2
53,GO,HG,1
53,GO,HGO,4
53,GO,HO,1
53,GO,O,77
53,H,C,313
53,H,CG,30
53,H,CGO,26
53,H,CO,11
53,H,G,408
53,H,GO,29
53,H,H,317
53,H,HC,80
53,H,HCG,453
53,H,HCGO,2511
53,H,HCO,39
53,H,HG,27
53,H,HGO,20
53,H,HO,16
53,H,O,921
53,HC,C,96
53,HC,CG,12
53,HC,CGO,4
53,HC,CO,3
53,HC,G,162
53,HC,GO,11
53,HC,H,84
53,HC,HC,72
53,HC,HCG,154
53,HC,HCGO,827
53,HC,HCO,21
53,HC,HG,8
53,HC,HGO,7
53,HC,HO,7
53,HC,O,272
53,HCG,C,475
53,HCG,CG,41
53,HCG,CGO,39
53,HCG,CO,29
53,HCG,G,643
53,HCG,GO,35
53,HCG,H,438
53,HCG,HC,162
53,HCG,HCG,999
53,HCG,HCGO,4458
53,HCG,HCO,47
53,HCG,HG,48
53,HCG,HGO,32
53,HCG,HO,16
53,HCG,O,1684
53,HCGO,C,3016
53,HCGO,CG,206
53,HCGO,CGO,210
53,HCGO,CO,119
53,HCGO,G,3876
53,HCGO,GO,207
53,HCGO,H,2533
53,HCGO,HC,835
53,HCGO,HCG,4546
53,HCGO,HCGO,25329
53,HCGO,HCO,340
53,HCGO,HG,242
53,HCGO,HGO,254
53,HCGO,HO,126
53,HCGO,O,8565
53,HCO,C,31
53,HCO,CG,4
53,HCO,CGO,5
53,HCO,CO,3
53,HCO,G,139
53,HCO,GO,4
53,HCO,H,40
53,HCO,HC,25
53,HCO,HCG,50
53,HCO,HCGO,347
53,HCO,HCO,16
53,HCO,HG,1
53,HCO,HGO,4
53,HCO,HO,4
53,HCO,O,123
53,HG,C,65
53,HG,CG,7
53,HG,CGO,3
53,HG,CO,15
53,HG,G,34
53,HG,GO,1
53,HG,H,38
53,HG,HC,8
53,HG,HCG,40
53,HG,HCGO,232
53,HG,HCO,3
53,HG,HG,32
53,HG,HGO,20
53,HG,HO,3
53,HG,O,84
53,HGO,C,84
53,HGO,CG,3
53,HGO,CGO,2
53,HGO,CO,3
53,HGO,G,40
53,HGO,GO,2
53,HGO,H,25
53,HGO,HC,7
53,HGO,HCG,30
53,HGO,HCGO,259
53,HGO,HCO,2
53,HGO,HG,11
53,HGO,HGO,38
53,HGO,O,98
53,HO,C,14
53,HO,CG,3
53,HO,CO,1
53,HO,G,23
53,HO,GO,5
53,HO,H,11
53,HO,HCG,27
53,HO,HCGO,99
53,HO,HCO,1
53,HO,HG,2
53,HO,HGO,2
53,HO,O,53
53,O,C,1071
53,O,CG,81
53,O,CGO,59
53,O,CO,50
53,O,G,1384
53,O,GO,86
53,O,H,909
53,O,HC,307
53,O,HCG,1592
53,O,HCGO,8479
53,O,HCO,108
53,O,HG,96
53,O,HGO,87
53,O,HO,41
53,O,O,3544
574,C,C,293
574,C,CG,12
574,C,CGO,12
574,C,CO,12
574,C,G,279
574,C,GO,15
574,C,H,170
574,C,HC,42
574,C,HCG,313
574,C,HCGO,1594
574,C,HCO,27
574,C,HG,28
574,C,HGO,37
574,C,HO,7
574,C,O,615
574,CG,C,10
574,CG,CG,3
574,CG,CGO,1
574,CG,G,33
574,CG,H,17
574,CG,HC,3
574,CG,HCG,18
574,CG,HCGO,118
574,CG,HCO,1
574,CG,HG,2
574,CG,HGO,4
574,CG,HO,1
574,CG,O,40
574,CGO,C,10
574,CGO,CG,2
574,CGO,CO,1
574,CGO,G,22
574,CGO,GO,1
574,CGO,H,11
574,CGO,HC,5
574,CGO,HCG,25
574,CGO,HCGO,117
574,CGO,HCO,4
574,CGO,HG,2
574,CGO,HO,2
574,CGO,O,36
574,CO,C,13
574,CO,CGO,1
574,CO,CO,5
574,CO,G,21
574,CO,H,6
574,CO,HC,2
574,CO,HCG,8
574,CO,HCGO,68
574,CO,HG,1
574,CO,HGO,1
574,CO,O,27
574,G,C,278
574,G,CG,22
574,G,CGO,27
574,G,CO,12
574,G,G,458
574,G,GO,20
574,G,H,233
574,G,HC,84
574,G,HCG,391
574,G,HCGO,2128
574,G,HCO,31
574,G,HG,23
574,G,HGO,32
574,G,HO,9
574,G,O,773
574,GO,C,14
574,GO,CG,1
574,GO,CGO,1
574,GO,CO,3
574,GO,G,24
574,GO,GO,3
574,GO,H,14
574,GO,HC,11
574,GO,HCG,18
574,GO,HCGO,120
574,GO,HG,1
574,GO,HGO,1
574,GO,O,50
574,H,C,195
574,H,CG,13
574,H,CGO,13
574,H,CO,12
574,H,G,222
574,H,GO,16
574,H,H,175
574,H,HC,53
574,H,HCG,246
574,H,HCGO,1429
574,H,HCO,16
574,H,HG,18
574,H,HGO,12
574,H,HO,13
574,H,O,525
574,HC,C,51
574,HC,CG,4
574,HC,CGO,2
574,HC,CO,1
574,HC,G,105
574,HC,GO,4
574,HC,H,52
574,HC,HC,15
574,HC,HCG,104
574,HC,HCGO,502
574,HC,HCO,7
574,HC,HG,3
574,HC,HGO,5
574,HC,HO,1
574,HC,O,174
574,HCG,C,297
574,HCG,CG,9
574,HCG,CGO,23
574,HCG,CO,16
574,HCG,G,387
574,HCG,GO,23
574,HCG,H,267
574,HCG,HC,101
574,HCG,HCG,529
574,HCG,HCGO,2462
574,HCG,HCO,25
574,HCG,HG,23
574,HCG,HGO,21
574,HCG,HO,9
574,HCG,O,826
574,HCGO,C,1633
574,HCGO,CG,104
574,HCGO,CGO,110
574,HCGO,CO,69
574,HCGO,G,2144
574,HCGO,GO,113
574,HCGO,H,1474
574,HCGO,HC,512
574,HCGO,HCG,2503
574,HCGO,HCGO,14046
574,HCGO,HCO,182
574,HCGO,HG,128
574,HCGO,HGO,137
574,HCGO,HO,64
574,HCGO,O,4758
574,HCO,C,32
574,HCO,CGO,1
574,HCO,CO,2
574,HCO,G,41
574,HCO,GO,1
574,HCO,H,24
574,HCO,HC,5
574,HCO,HCG,30
574,HCO,HCGO,193
574,HCO,HCO,7
574,HCO,HG,1
574,HCO,HGO,2
574,HCO,O,65
574,HG,C,25
574,HG,CGO,1
574,HG,CO,3
574,HG,G,24
574,HG,GO,1
574,HG,H,21
574,HG,HC,3
574,HG,HCG,20
574,HG,HCGO,107
574,HG,HG,10
574,HG,HGO,6
574,HG,HO,1
574,HG,O,56
574,HGO,C,37
574,HGO,CG,2
574,HGO,CGO,1
574,HGO,CO,5
574,HGO,G,26
574,HGO,GO,3
574,HGO,H,13
574,HGO,HC,4
574,HGO,HCG,24
574,HGO,HCGO,138
574,HGO,HCO,2
574,HGO,HG,8
574,HGO,HGO,15
574,HGO,HO,1
574,HGO,O,46
574,HO,C,10
574,HO,CG,1
574,HO,CGO,1
574,HO,CO,1
574,HO,G,13
574,HO,GO,1
574,HO,H,7
574,HO,HC,1
574,HO,HCG,12
574,HO,HCGO,52
574,HO,HG,1
574,HO,HGO,2
574,HO,O,17
574,O,C,561
574,O,CG,43
574,O,CGO,37
574,O,CO,37
574,O,G,710
574,O,GO,44
574,O,H,521
574,O,HC,160
574,O,HCG,970
574,O,HCGO,4706
574,O,HCO,52
574,O,HG,58
574,O,HGO,55
574,O,HO,24
574,O,O,1755
6210,C,C,137
6210,C,CG,12
6210,C,CGO,8
6210,C,CO,9
6210,C,G,155
6210,C,GO,7
6210,C,H,112
6210,C,HC,39
6210,C,HCG,200
6210,C,HCGO,1151
6210,C,HCO,16
6210,C,HG,9
6210,C,HGO,12
6210,C,HO,5
6210,C,O,364
6210,CG,C,11
6210,CG,CGO,3
6210,CG,CO,2
6210,CG,G,17
6210,CG,GO,1
6210,CG,H,9
6210,CG,HC,4
6210,CG,HCG,12
6210,CG,HCGO,79
6210,CG,HGO,2
6210,CG,O,23
6210,CGO,C,6
6210,CGO,CGO,1
6210,CGO,G,14
6210,CGO,H,7
6210,CGO,HC,2
6210,CGO,HCG,14
6210,CGO,HCGO,77
6210,CGO,HCO,1
6210,CGO,HG,2
6210,CGO,O,32
6210,CO,C,14
6210,CO,G,7
6210,CO,GO,2
6210,CO,H,6
6210,CO,HC,2
6210,CO,HCG,8
6210,CO,HCGO,51
6210,CO,HGO,1
6210,CO,O,24
6210,G,C,184
6210,G,CG,8
6210,G,CGO,6
6210,G,CO,9
6210,G,G,256
6210,G,GO,16
6210,G,H,154
6210,G,HC,67
6210,G,HCG,266
6210,G,HCGO,1447
6210,G,HCO,25
6210,G,HG,12
6210,G,HGO,10
6210,G,HO,4
6210,G,O,565
6210,GO,C,17
6210,GO,CG,2
6210,GO,CGO,1
6210,GO,G,21
6210,GO,GO,1
6210,GO,H,11
6210,GO,HC,3
6210,GO,HCG,14
6210,GO,HCGO,72
6210,GO,HCO,2
6210,GO,HG,2
6210,GO,HGO,1
6210,GO,O,18
6210,H,C,142
6210,H,CG,18
6210,H,CGO,6
6210,H,CO,5
6210,H,G,147
6210,H,GO,11
6210,H,H,108
6210,H,HC,39
6210,H,HCG,213
6210,H,HCGO,979
6210,H,HCO,10
6210,H,HG,11
6210,H,HGO,10
6210,H,HO,4
6210,H,O,349
6210,HC,C,35
6210,HC,CGO,4
6210,HC,CO,1
6210,HC,G,60
6210,HC,GO,2
6210,HC,H,39
6210,HC,HC,14
6210,HC,HCG,56
6210,HC,HCGO,352
6210,HC,HCO,6
6210,HC,HG,3
6210,HC,HO,1
6210,HC,O,93
6210,HCG,C,223
6210,HCG,CG,16
6210,HCG,CGO,11
6210,HCG,CO,7
6210,HCG,G,283
6210,HCG,GO,20
6210,HCG,H,169
6210,HCG,HC,62
6210,HCG,HCG,313
6210,HCG,HCGO,1685
6210,HCG,HCO,16
6210,HCG,HG,19
6210,HCG,HGO,16
6210,HCG,HO,7
6210,HCG,O,618
6210,HCGO,C,1116
6210,HCGO,CG,85
6210,HCGO,CGO,86
6210,HCGO,CO,53
6210,HCGO,G,1442
6210,HCGO,GO,87
6210,HCGO,H,983
6210,HCGO,HC,307
6210,HCGO,HCG,1748
6210,HCGO,HCGO,9372
6210,HCGO,HCO,116
6210,HCGO,HG,90
6210,HCGO,HGO,96
6210,HCGO,HO,44
6210,HCGO,O,3253
6210,HCO,C,19
6210,HCO,CG,3
6210,HCO,CO,1
6210,HCO,G,16
6210,HCO,GO,1
6210,HCO,H,12
6210,HCO,HC,8
6210,HCO,HCG,17
6210,HCO,HCGO,119
6210,HCO,HCO,5
6210,HCO,HG,1
6210,HCO,HGO,3
6210,HCO,O,46
6210,HG,C,11
6210,HG,CG,1
6210,HG,CGO,1
6210,HG,G,9
6210,HG,H,9
6210,HG,HC,2
6210,HG,HCG,17
6210,HG,HCGO,89
6210,HG,HCO,3
6210,HG,HG,2
6210,HG,O,28
6210,HGO,C,14
6210,HGO,G,12
6210,HGO,H,10
6210,HGO,HC,5
6210,HGO,HCG,22
6210,HGO,HCGO,77
6210,HGO,HCO,1
6210,HGO,HGO,2
6210,HGO,HO,1
6210,HGO,O,35
6210,HO,C,4
6210,HO,CGO,1
6210,HO,G,7
6210,HO,H,5
6210,HO,HC,3
6210,HO,HCG,12
6210,HO,HCGO,45
6210,HO,HG,1
6210,HO,HGO,1
6210,HO,O,15
6210,O,C,379
6210,O,CG,27
6210,O,CGO,27
6210,O,CO,11
6210,O,G,493
6210,O,GO,29
6210,O,H,392
6210,O,HC,114
6210,O,HCG,579
6210,O,HCGO,3286
6210,O,HCO,44
6210,O,HG,31
6210,O,HGO,32
6210,O,HO,15
6210,O,O,1149
67234,C,C,113
67234,C,CG,10
67234,C,CGO,16
67234,C,CO,8
67234,C,G,126
67234,C,GO,5
67234,C,H,113
67234,C,HC,29
67234,C,HCG,190
67234,C,HCGO,950
67234,C,HCO,14
67234,C,HG,11
67234,C,HGO,8
67234,C,HO,4
67234,C,O,332
67234,CG,C,8
67234,CG,G,11
67234,CG,GO,1
67234,CG,H,8
67234,CG,HC,1
67234,CG,HCG,16
67234,CG,HCGO,70
67234,CG,HCO,1
67234,CG,HG,1
67234,CG,O,27
67234,CGO,C,5
67234,CGO,CG,1
67234,CGO,G,10
67234,CGO,GO,1
67234,CGO,H,4
67234,CGO,HC,4
67234,CGO,HCG,10
67234,CGO,HCGO,83
67234,CGO,HCO,2
67234,CGO,HG,1
67234,CGO,HGO,2
67234,CGO,O,25
67234,CO,C,4
67234,CO,CO,2
67234,CO,G,2
67234,CO,GO,1
67234,CO,H,3
67234,CO,HC,2
67234,CO,HCG,9
67234,CO,HCGO,52
67234,CO,HCO,1
67234,CO,HG,2
67234,CO,O,17
67234,G,C,136
67234,G,CG,7
67234,G,CGO,7
67234,G,CO,8
67234,G,G,212
67234,G,GO,8
67234,G,H,129
67234,G,HC,46
67234,G,HCG,218
67234,G,HCGO,1334
67234,G,HCO,9
67234,G,HG,12
67234,G,HGO,13
67234,G,HO,3
67234,G,O,458
67234,GO,C,11
67234,GO,CG,1
67234,GO,CGO,2
67234,GO,G,6
67234,GO,H,5
67234,GO,HC,4
67234,GO,HCG,15
67234,GO,HCGO,77
67234,GO,HCO,1
67234,GO,HGO,2
67234,GO,O,28
67234,H,C,122
67234,H,CG,12
67234,H,CGO,4
67234,H,CO,2
67234,H,G,121
67234,H,GO,9
67234,H,H,95
67234,H,HC,38
67234,H,HCG,167
67234,H,HCGO,894
67234,H,HCO,10
67234,H,HG,6
67234,H,HGO,7
67234,H,HO,1
67234,H,O,277
67234,HC,C,27
67234,HC,CG,2
67234,HC,CGO,2
67234,HC,G,56
67234,HC,H,43
67234,HC,HC,9
67234,HC,HCG,55
67234,HC,HCGO,294
67234,HC,HCO,3
67234,HC,HG,3
67234,HC,HGO,3
67234,HC,HO,2
67234,HC,O,98
67234,HCG,C,177
67234,HCG,CG,9
67234,HCG,CGO,4
67234,HCG,CO,11
67234,HCG,G,244
67234,HCG,GO,14
67234,HCG,H,154
67234,HCG,HC,73
67234,HCG,HCG,278
67234,HCG,HCGO,1490
67234,HCG,HCO,10
67234,HCG,HG,11
67234,HCG,HGO,15
67234,HCG,HO,6
67234,HCG,O,541
67234,HCGO,C,980
67234,HCGO,CG,71
67234,HCGO,CGO,81
67234,HCGO,CO,47
67234,HCGO,G,1250
67234,HCGO,GO,73
67234,HCGO,H,796
67234,HCGO,HC,297
67234,HCGO,HCG,1455
67234,HCGO,HCGO,8058
67234,HCGO,HCO,94
67234,HCGO,HG,70
67234,HCGO,HGO,93
67234,HCGO,HO,35
67234,HCGO,O,2881
67234,HCO,C,11
67234,HCO,CG,1
67234,HCO,CGO,1
67234,HCO,G,21
67234,HCO,GO,2
67234,HCO,H,8
67234,HCO,HC,5
67234,HCO,HCG,27
67234,HCO,HCGO,100
67234,HCO,HGO,1
67234,HCO,O,29
67234,HG,C,18
67234,HG,CG,2
67234,HG,G,10
67234,HG,H,10
67234,HG,HC,2
67234,HG,HCG,12
67234,HG,HCGO,86
67234,HG,HCO,1
67234,HG,HG,1
67234,HG,HGO,3
67234,HG,O,22
67234,HGO,C,11
67234,HGO,CG,1
67234,HGO,G,18
67234,HGO,H,9
67234,HGO,HC,5
67234,HGO,HCG,11
67234,HGO,HCGO,67
67234,HGO,HG,2
67234,HGO,O,26
67234,HO,C,6
67234,HO,CG,1
67234,HO,G,4
67234,HO,GO,2
67234,HO,H,3
67234,HO,HC,1
67234,HO,HCG,12
67234,HO,HCGO,27
67234,HO,HCO,1
67234,HO,HGO,1
67234,HO,O,16
67234,O,C,316
67234,O,CG,27
67234,O,CGO,23
67234,O,CO,19
67234,O,G,441
67234,O,GO,24
67234,O,H,298
67234,O,HC,89
67234,O,HCG,540
67234,O,HCGO,2715
67234,O,HCO,34
67234,O,HG,26
67234,O,HGO,26
67234,O,HO,9
67234,O,O,997
7,C,C,1045
7,C,CG,39
7,C,CGO,29
7,C,CO,32
7,C,G,534
7,C,GO,23
7,C,H,414
7,C,HC,103
7,C,HCG,570
7,C,HCGO,3335
7,C,HCO,55
7,C,HG,62
7,C,HGO,100
7,C,HO,17
7,C,O,1244
7,CG,C,31
7,CG,CG,28
7,CG,CGO,4
7,CG,CO,2
7,CG,G,53
7,CG,GO,2
7,CG,H,37
7,CG,HC,3
7,CG,HCG,37
7,CG,HCGO,248
7,CG,HCO,5
7,CG,HG,3
7,CG,HGO,6
7,CG,HO,7
7,CG,O,101
7,CGO,C,38
7,CGO,CG,5
7,CGO,CGO,5
7,CGO,CO,4
7,CGO,G,39
7,CGO,GO,1
7,CGO,H,35
7,CGO,HC,6
7,CGO,HCG,26
7,CGO,HCGO,238
7,CGO,HCO,8
7,CGO,HG,2
7,CGO,HGO,4
7,CGO,HO,2
7,CGO,O,93
7,CO,C,46
7,CO,CG,3
7,CO,CGO,3
7,CO,CO,25
7,CO,G,26
7,CO,GO,4
7,CO,H,18
7,CO,HC,5
7,CO,HCG,21
7,CO,HCGO,140
7,CO,HCO,6
7,CO,HG,23
7,CO,HGO,11
7,CO,HO,3
7,CO,O,64
7,G,C,536
7,G,CG,47
7,G,CGO,24
7,G,CO,26
7,G,G,1683
7,G,GO,68
7,G,H,476
7,G,HC,207
7,G,HCG,758
7,G,HCGO,4297
7,G,HCO,135
7,G,HG,55
7,G,HGO,51
7,G,HO,35
7,G,O,1571
7,GO,C,32
7,GO,CG,1
7,GO,CGO,2
7,GO,CO,1
7,GO,G,60
7,GO,GO,12
7,GO,H,22
7,GO,HC,20
7,GO,HCG,49
7,GO,HCGO,220
7,GO,HCO,4
7,GO,HG,5
7,GO,HGO,2
7,GO,O,73
7,H,C,413
7,H,CG,39
7,H,CGO,33
7,H,CO,14
7,H,G,461
7,H,GO,25
7,H,H,390
7,H,HC,94
7,H,HCG,564
7,H,HCGO,2980
7,H,HCO,24
7,H,HG,37
7,H,HGO,34
7,H,HO,21
7,H,O,1023
7,HC,C,117
7,HC,CG,5
7,HC,CGO,9
7,HC,CO,5
7,HC,G,201
7,HC,GO,15
7,HC,H,92
7,HC,HC,96
7,HC,HCG,171
7,HC,HCGO,1015
7,HC,HCO,29
7,HC,HG,1
7,HC,HGO,7
7,HC,HO,4
7,HC,O,347
7,HCG,C,647
7,HCG,CG,44
7,HCG,CGO,50
7,HCG,CO,32
7,HCG,G,809
7,HCG,GO,38
7,HCG,H,562
7,HCG,HC,206
7,HCG,HCG,1212
7,HCG,HCGO,5218
7,HCG,HCO,64
7,HCG,HG,44
7,HCG,HGO,44
7,HCG,HO,20
7,HCG,O,1972
7,HCGO,C,3401
7,HCGO,CG,220
7,HCGO,CGO,223
7,HCGO,CO,156
7,HCGO,G,4417
7,HCGO,GO,200
7,HCGO,H,2946
7,HCGO,HC,1010
7,HCGO,HCG,5339
7,HCGO,HCGO,30864
7,HCGO,HCO,441
7,HCGO,HG,267
7,HCGO,HGO,305
7,HCGO,HO,120
7,HCGO,O,9963
7,HCO,C,49
7,HCO,CG,1
7,HCO,CGO,3
7,HCO,CO,3
7,HCO,G,104
7,HCO,GO,5
7,HCO,H,29
7,HCO,HC,30
7,HCO,HCG,69
7,HCO,HCGO,419
7,HCO,HCO,36
7,HCO,HG,2
7,HCO,HGO,2
7,HCO,HO,3
7,HCO,O,116
7,HG,C,74
7,HG,CG,3
7,HG,CGO,2
7,HG,CO,17
7,HG,G,35
7,HG,H,46
7,HG,HC,4
7,HG,HCG,61
7,HG,HCGO,292
7,HG,HCO,9
7,HG,HG,45
7,HG,HGO,12
7,HG,O,113
7,HGO,C,120
7,HGO,CG,6
7,HGO,CGO,4
7,HGO,CO,2
7,HGO,G,44
7,HGO,GO,6
7,HGO,H,30
7,HGO,HC,5
7,HGO,HCG,50
7,HGO,HCGO,282
7,HGO,HCO,3
7,HGO,HG,15
7,HGO,HGO,66
7,HGO,HO,5
7,HGO,O,107
7,HO,C,19
7,HO,CG,3
7,HO,CGO,4
7,HO,CO,2
7,HO,G,22
7,HO,GO,2
7,HO,H,15
7,HO,HC,2
7,HO,HCG,14
7,HO,HCGO,130
7,HO,HCO,1
7,HO,HG,4
7,HO,HGO,2
7,HO,HO,2
7,HO,O,48
7,O,C,1257
7,O,CG,83
7,O,CGO,89
7,O,CO,71
7,O,G,1554
7,O,GO,106
7,O,H,1065
7,O,HC,372
7,O,HCG,1967
7,O,HCGO,9792
7,O,HCO,137
7,O,HG,100
7,O,HGO,100
7,O,HO,68
7,O,O,4489
79,C,C,594
79,C,CG,28
79,C,CGO,32
79,C,CO,37
79,C,G,435
79,C,GO,19
79,C,H,312
79,C,HC,82
79,C,HCG,461
79,C,HCGO,2728
79,C,HCO,36
79,C,HG,54
79,C,HGO,77
79,C,HO,18
79,C,O,927
79,CG,C,30
79,CG,CG,10
79,CG,CGO,2
79,CG,CO,1
79,CG,G,36
79,CG,GO,3
79,CG,H,26
79,CG,HC,5
79,CG,HCG,27
79,CG,HCGO,194
79,CG,HCO,6
79,CG,HG,3
79,CG,HGO,4
79,CG,O,78
79,CGO,C,22
79,CGO,CG,5
79,CGO,CGO,5
79,CGO,G,24
79,CGO,GO,2
79,CGO,H,16
79,CGO,HC,6
79,CGO,HCG,33
79,CGO,HCGO,181
79,CGO,HCO,4
79,CGO,HG,1
79,CGO,HGO,3
79,CGO,O,72
79,CO,C,29
79,CO,CGO,3
79,CO,CO,26
79,CO,G,20
79,CO,GO,1
79,CO,H,16
79,CO,HC,1
79,CO,HCG,21
79,CO,HCGO,112
79,CO,HCO,6
79,CO,HG,8
79,CO,HGO,2
79,CO,O,60
79,G,C,448
79,G,CG,26
79,G,CGO,29
79,G,CO,27
79,G,G,1123
79,G,GO,33
79,G,H,367
79,G,HC,153
79,G,HCG,608
79,G,HCGO,3401
79,G,HCO,102
79,G,HG,30
79,G,HGO,40
79,G,HO,21
79,G,O,1202
79,GO,C,29
79,GO,CGO,2
79,GO,CO,1
79,GO,G,38
79,GO,GO,2
79,GO,H,26
79,GO,HC,11
79,GO,HCG,38
79,GO,HCGO,179
79,GO,HCO,5
79,GO,HG,1
79,GO,HGO,2
79,GO,HO,1
79,GO,O,67
79,H,C,286
79,H,CG,25
79,H,CGO,23
79,H,CO,16
79,H,G,378
79,H,GO,23
79,H,H,285
79,H,HC,91
79,H,HCG,496
79,H,HCGO,2316
79,H,HCO,34
79,H,HG,28
79,H,HGO,31
79,H,HO,13
79,H,O,830
79,HC,C,100
79,HC,CG,11
79,HC,CGO,3
79,HC,CO,2
79,HC,G,145
79,HC,GO,11
79,HC,H,75
79,HC,HC,42
79,HC,HCG,155
79,HC,HCGO,811
79,HC,HCO,21
79,HC,HG,7
79,HC,HGO,9
79,HC,HO,4
79,HC,O,253
79,HCG,C,475
79,HCG,CG,37
79,HCG,CGO,32
79,HCG,CO,22
79,HCG,G,635
79,HCG,GO,29
79,HCG,H,439
79,HCG,HC,143
79,HCG,HCG,876
79,HCG,HCGO,4098
79,HCG,HCO,42
79,HCG,HG,40
79,HCG,HGO,41
79,HCG,HO,20
79,HCG,O,1504
79,HCGO,C,2627
79,HCGO,CG,194
79,HCGO,CGO,192
79,HCGO,CO,132
79,HCGO,G,3466
79,HCGO,GO,181
79,HCGO,H,2310
79,HCGO,HC,824
79,HCGO,HCG,4236
79,HCGO,HCGO,23773
79,HCGO,HCO,303
79,HCGO,HG,209
79,HCGO,HGO,248
79,HCGO,HO,95
79,HCGO,O,7808
79,HCO,C,43
79,HCO,CG,3
79,HCO,CGO,4
79,HCO,CO,3
79,HCO,G,94
79,HCO,GO,3
79,HCO,H,37
79,HCO,HC,21
79,HCO,HCG,40
79,HCO,HCGO,313
79,HCO,HCO,18
79,HCO,HG,2
79,HCO,HGO,1
79,HCO,HO,1
79,HCO,O,120
79,HG,C,54
79,HG,CG,3
79,HG,CGO,1
79,HG,CO,12
79,HG,G,35
79,HG,H,34
79,HG,HC,5
79,HG,HCG,42
79,HG,HCGO,209
79,HG,HG,36
79,HG,HGO,10
79,HG,O,92
79,HGO,C,78
79,HGO,CG,3
79,HGO,CGO,3
79,HGO,CO,4
79,HGO,G,39
79,HGO,GO,5
79,HGO,H,18
79,HGO,HC,6
79,HGO,HCG,39
79,HGO,HCGO,217
79,HGO,HCO,4
79,HGO,HG,12
79,HGO,HGO,20
79,HGO,O,83
79,HO,C,12
79,HO,CG,3
79,HO,G,20
79,HO,GO,4
79,HO,H,11
79,HO,HC,3
79,HO,HCG,16
79,HO,HCGO,95
79,HO,HG,1
79,HO,HGO,4
79,HO,HO,2
79,HO,O,33
79,O,C,1003
79,O,CG,69
79,O,CGO,62
79,O,CO,61
79,O,G,1270
79,O,GO,60
79,O,H,860
79,O,HC,284
79,O,HCG,1514
79,O,HCGO,7996
79,O,HCO,97
79,O,HG,102
79,O,HGO,89
79,O,HO,40
79,O,O,3232
853,C,C,229
853,C,CG,4
853,C,CGO,10
853,C,CO,23
853,C,G,252
853,C,GO,18
853,C,H,168
853,C,HC,46
853,C,HCG,240
853,C,HCGO,1479
853,C,HCO,23
853,C,HG,22
853,C,HGO,40
853,C,HO,6
853,C,O,534
853,CG,C,13
853,CG,CG,3
853,CG,CO,1
853,CG,G,20
853,CG,H,16
853,CG,HC,2
853,CG,HCG,19
853,CG,HCGO,101
853,CG,HCO,3
853,CG,HG,4
853,CG,HO,2
853,CG,O,41
853,CGO,C,8
853,CGO,CG,1
853,CGO,CO,1
853,CGO,G,15
853,CGO,GO,2
853,CGO,H,12
853,CGO,HC,5
853,CGO,HCG,27
853,CGO,HCGO,103
853,CGO,HCO,2
853,CGO,HG,1
853,CGO,HGO,1
853,CGO,HO,3
853,CGO,O,39
853,CO,C,15
853,CO,CGO,1
853,CO,CO,2
853,CO,G,13
853,CO,GO,3
853,CO,H,10
853,CO,HCG,14
853,CO,HCGO,65
853,CO,HCO,2
853,CO,HG,3
853,CO,HGO,1
853,CO,HO,1
853,CO,O,23
853,G,C,218
853,G,CG,20
853,G,CGO,16
853,G,CO,12
853,G,G,357
853,G,GO,14
853,G,H,223
853,G,HC,84
853,G,HCG,385
853,G,HCGO,1919
853,G,HCO,38
853,G,HG,20
853,G,HGO,23
853,G,HO,7
853,G,O,719
853,GO,C,12
853,GO,CG,1
853,GO,CO,2
853,GO,G,22
853,GO,GO,3
853,GO,H,11
853,GO,HC,4
853,GO,HCG,15
853,GO,HCGO,109
853,GO,HCO,4
853,GO,HGO,1
853,GO,O,44
853,H,C,162
853,H,CG,13
853,H,CGO,8
853,H,CO,6
853,H,G,220
853,H,GO,12
853,H,H,111
853,H,HC,55
853,H,HCG,222
853,H,HCGO,1298
853,H,HCO,12
853,H,HG,13
853,H,HGO,8
853,H,HO,8
853,H,O,457
853,HC,C,63
853,HC,CG,4
853,HC,CO,1
853,HC,G,85
853,HC,GO,7
853,HC,H,59
853,HC,HC,20
853,HC,HCG,88
853,HC,HCGO,450
853,HC,HCO,7
853,HC,HGO,1
853,HC,HO,4
853,HC,O,139
853,HCG,C,245
853,HCG,CG,20
853,HCG,CGO,18
853,HCG,CO,17
853,HCG,G,382
853,HCG,GO,17
853,HCG,H,254
853,HCG,HC,81
853,HCG,HCG,426
853,HCG,HCGO,2318
853,HCG,HCO,23
853,HCG,HG,18
853,HCG,HGO,24
853,HCG,HO,11
853,HCG,O,834
853,HCGO,C,1480
853,HCGO,CG,96
853,HCGO,CGO,107
853,HCGO,CO,61
853,HCGO,G,1999
853,HCGO,GO,102
853,HCGO,H,1367
853,HCGO,HC,478
853,HCGO,HCG,2226
853,HCGO,HCGO,12506
853,HCGO,HCO,185
853,HCGO,HG,118
853,HCGO,HGO,138
853,HCGO,HO,57
853,HCGO,O,4437
853,HCO,C,15
853,HCO,CGO,3
853,HCO,G,35
853,HCO,GO,4
853,HCO,H,19
853,HCO,HC,7
853,HCO,HCG,30
853,HCO,HCGO,182
853,HCO,HCO,1
853,HCO,HG,1
853,HCO,HO,2
853,HCO,O,66
853,HG,C,18
853,HG,CG,1
853,HG,CO,5
853,HG,G,22
853,HG,GO,1
853,HG,H,15
853,HG,HC,1
853,HG,HCG,24
853,HG,HCGO,112
853,HG,HCO,1
853,HG,HG,4
853,HG,O,52
853,HGO,C,32
853,HGO,CG,4
853,HGO,CGO,2
853,HGO,CO,5
853,HGO,G,16
853,HGO,GO,2
853,HGO,H,11
853,HGO,HC,4
853,HGO,HCG,14
853,HGO,HCGO,132
853,HGO,HCO,2
853,HGO,HG,8
853,HGO,HGO,12
853,HGO,HO,1
853,HGO,O,37
853,HO,C,13
853,HO,CG,1
853,HO,CO,1
853,HO,G,16
853,HO,H,3
853,HO,HC,1
853,HO,HCG,17
853,HO,HCGO,47
853,HO,HG,2
853,HO,O,16
853,O,C,546
853,O,CG,40
853,O,CGO,47
853,O,CO,33
853,O,G,707
853,O,GO,44
853,O,H,485
853,O,HC,160
853,O,HCG,837
853,O,HCGO,4462
853,O,HCO,48
853,O,HG,50
853,O,HGO,59
853,O,HO,19
853,O,O,1610
9237,C,C,123
9237,C,CG,8
9237,C,CGO,5
9237,C,CO,5
9237,C,G,160
9237,C,GO,7
9237,C,H,102
9237,C,HC,30
9237,C,HCG,188
9237,C,HCGO,1089
9237,C,HCO,10
9237,C,HG,16
9237,C,HGO,19
9237,C,HO,7
9237,C,O,391
9237,CG,C,16
9237,CG,G,8
9237,CG,GO,1
9237,CG,H,5
9237,CG,HC,1
9237,CG,HCG,13
9237,CG,HCGO,78
9237,CG,HCO,1
9237,CG,HG,2
9237,CG,HO,2
9237,CG,O,20
9237,CGO,C,11
9237,CGO,CG,2
9237,CGO,G,10
9237,CGO,GO,1
9237,CGO,H,8
9237,CGO,HC,5
9237,CGO,HCG,11
9237,CGO,HCGO,74
9237,CGO,HCO,1
9237,CGO,HG,1
9237,CGO,HGO,1
9237,CGO,O,32
9237,CO,C,5
9237,CO,CGO,1
9237,CO,CO,1
9237,CO,G,9
9237,CO,GO,1
9237,CO,H,9
9237,CO,HC,4
9237,CO,HCG,8
9237,CO,HCGO,53
9237,CO,O,22
9237,G,C,176
9237,G,CG,12
9237,G,CGO,18
9237,G,CO,8
9237,G,G,210
9237,G,GO,7
9237,G,H,138
9237,G,HC,53
9237,G,HCG,263
9237,G,HCGO,1351
9237,G,HCO,16
9237,G,HG,18
9237,G,HGO,10
9237,G,HO,9
9237,G,O,478
9237,GO,C,6
9237,GO,CGO,3
9237,GO,CO,1
9237,GO,G,7
9237,GO,GO,1
9237,GO,H,7
9237,GO,HC,2
9237,GO,HCG,8
9237,GO,HCGO,76
9237,GO,HCO,1
9237,GO,HG,1
9237,GO,HGO,2
9237,GO,O,18
9237,H,C,115
9237,H,CG,10
9237,H,CGO,13
9237,H,CO,4
9237,H,G,152
9237,H,GO,8
9237,H,H,89
9237,H,HC,35
9237,H,HCG,171
9237,H,HCGO,970
9237,H,HCO,14
9237,H,HG,5
9237,H,HGO,8
9237,H,HO,4
9237,H,O,325
9237,HC,C,39
9237,HC,CG,5
9237,HC,CGO,2
9237,HC,CO,4
9237,HC,G,42
9237,HC,GO,1
9237,HC,H,36
9237,HC,HC,9
9237,HC,HCG,73
9237,HC,HCGO,317
9237,HC,HCO,6
9237,HC,HG,3
9237,HC,HGO,2
9237,HC,O,135
9237,HCG,C,214
9237,HCG,CG,10
9237,HCG,CGO,13
9237,HCG,CO,8
9237,HCG,G,262
9237,HCG,GO,11
9237,HCG,H,184
9237,HCG,HC,52
9237,HCG,HCG,325
9237,HCG,HCGO,1649
9237,HCG,HCO,23
9237,HCG,HG,13
9237,HCG,HGO,16
9237,HCG,HO,11
9237,HCG,O,625
9237,HCGO,C,1031
9237,HCGO,CG,73
9237,HCGO,CGO,63
9237,HCGO,CO,52
9237,HCGO,G,1354
9237,HCGO,GO,80
9237,HCGO,H,915
9237,HCGO,HC,343
9237,HCGO,HCG,1674
9237,HCGO,HCGO,8943
9237,HCGO,HCO,118
9237,HCGO,HG,86
9237,HCGO,HGO,96
9237,HCGO,HO,39
9237,HCGO,O,3162
9237,HCO,C,14
9237,HCO,CG,2
9237,HCO,G,12
9237,HCO,H,9
9237,HCO,HC,7
9237,HCO,HCG,19
9237,HCO,HCGO,135
9237,HCO,HCO,1
9237,HCO,HG,2
9237,HCO,HGO,2
9237,HCO,O,42
9237,HG,C,10
9237,HG,CG,1
9237,HG,G,13
9237,HG,GO,2
9237,HG,H,7
9237,HG,HC,1
9237,HG,HCG,18
9237,HG,HCGO,68
9237,HG,HCO,1
9237,HG,HG,4
9237,HG,HGO,2
9237,HG,HO,1
9237,HG,O,37
9237,HGO,C,8
9237,HGO,CG,1
9237,HGO,CGO,1
9237,HGO,G,8
9237,HGO,GO,2
9237,HGO,H,9
9237,HGO,HC,4
9237,HGO,HCG,17
9237,HGO,HCGO,88
9237,HGO,HG,1
9237,HGO,HGO,2
9237,HGO,O,25
9237,HO,C,8
9237,HO,CO,1
9237,HO,G,10
9237,HO,H,7
9237,HO,HC,3
9237,HO,HCG,5
9237,HO,HCGO,37
9237,HO,HCO,1
9237,HO,HO,1
9237,HO,O,10
9237,O,C,385
9237,O,CG,30
9237,O,CGO,32
9237,O,CO,22
9237,O,G,476
9237,O,GO,27
9237,O,H,328
9237,O,HC,94
9237,O,HCG,592
9237,O,HCGO,3088
9237,O,HCO,39
9237,O,HG,25
9237,O,HGO,29
9237,O,HO,11
9237,O,O,1163
